timestamp,counter,number,distance1_2d,angle1_2d,level1_2d,distance2_2d,angle2_2d,level2_2d,distance3_2d,angle3_2d,level3_2d,distance4_2d,angle4_2d,level4_2d,distance5_2d,angle5_2d,level5_2d,distance1,level1,rx1_r1,rx1_i1,rx2_r1,rx2_i1,distance2,level2,rx1_r2,rx1_i2,rx2_r2,rx2_i2,distance3,level3,rx1_r3,rx1_i3,rx2_r3,rx2_i3,distance4,level4,rx1_r4,rx1_i4,rx2_r4,rx2_i4,distance5,level5,rx1_r5,rx1_i5,rx2_r5,rx2_i5
17,0,0,2147483647,2147483647,4294967295,2147483647,2147483647,4294967295,2147483647,2147483647,4294967295,2147483647,2147483647,4294967295,2147483647,2147483647,4294967295,32767,0,0,0,0,0,32767,0,0,0,0,0,32767,0,0,0,0,0,32767,0,0,0,0,0,32767,0,0,0,0,0
33,1,0,2147483647,2147483647,4294967295,2147483647,2147483647,4294967295,2147483647,2147483647,4294967295,2147483647,2147483647,4294967295,2147483647,2147483647,4294967295,327,10,-3,2,-3,0,260,9,3,1,3,2,171,7,-2,-2,-2,0,685,7,-2,2,1,-5,14,6,1,-2,-1,1
58,2,0,2147483647,2147483647,4294967295,2147483647,2147483647,4294967295,2147483647,2147483647,4294967295,2147483647,2147483647,4294967295,2147483647,2147483647,4294967295,260,10,-2,1,-3,-1,327,10,1,-1,3,-2,641,8,-1,2,2,2,171,7,1,0,2,1,708,7,-1,-2,-1,-1
83,3,0,2147483647,2147483647,4294967295,2147483647,2147483647,4294967295,2147483647,2147483647,4294967295,2147483647,2147483647,4294967295,2147483647,2147483647,4294967295,327,10,-1,1,-2,2,260,9,0,0,2,2,126,7,1,1,-3,2,171,7,-1,0,-2,-3,641,7,0,-1,-2,1
108,4,0,2147483647,2147483647,4294967295,2147483647,2147483647,4294967295,2147483647,2147483647,4294967295,2147483647,2147483647,4294967295,2147483647,2147483647,4294967295,37,10,1,3,-3,2,81,10,-3,1,-3,-3,327,9,1,0,1,-2,238,9,-1,-1,0,2,618,9,-1,-2,0,-4
134,5,3,349,-9,9,233,-2,9,108,-25,8,2147483647,2147483647,4294967295,2147483647,2147483647,4294967295,37,13,-2,-4,4,-3,81,12,3,-2,3,2,149,11,-1,3,1,1,439,10,2,2,-1,2,260,10,1,-2,-2,-4
159,6,3,364,-12,10,219,4,9,96,-24,9,2147483647,2147483647,4294967295,2147483647,2147483647,4294967295,37,14,1,3,-3,3,81,13,-3,1,-3,-1,149,11,1,-2,-2,-2,439,11,-1,-2,2,-3,216,10,1,2,4,-2
183,7,4,365,-12,10,206,1,10,88,-23,10,52,-22,9,2147483647,2147483647,4294967295,37,14,-1,-3,3,-3,81,13,2,0,3,2,126,11,0,2,-1,2,372,10,1,-1,1,0,439,10,0,0,-2,2
208,8,5,363,-14,10,81,-23,10,196,-3,10,646,-18,8,55,-22,9,37,15,1,3,-2,2,126,11,-1,-2,2,-2,730,11,1,3,-2,-1,350,10,-2,1,-2,-2,819,10,0,-3,2,-1
233,9,5,362,-10,10,76,-24,11,188,-1,10,650,-18,8,58,-22,10,37,14,0,2,1,-1,126,11,0,-2,-1,1,350,11,2,1,3,-1,685,10,-1,-2,1,2,730,10,1,0,-3,-1
258,10,5,72,-23,11,177,-3,10,360,-10,10,660,-22,9,65,-16,10,37,14,-2,0,-1,1,81,13,1,-3,1,-1,752,13,2,4,-2,1,685,13,3,-3,1,1,126,12,2,1,3,1
283,11,5,61,-24,12,175,0,11,363,-10,10,660,-13,9,76,-14,11,59,15,3,3,1,-1,238,14,4,-2,2,-1,685,13,-1,-1,0,0,752,13,-1,0,-1,1,126,12,-2,2,-3,2
308,12,5,50,-24,13,173,1,11,365,-4,10,674,-15,10,87,-13,11,59,14,1,-2,-1,2,238,14,-1,3,-2,4,775,13,2,2,1,-1,350,12,2,-1,2,1,126,12,1,1,-1,-3
333,13,5,43,-24,13,170,1,11,361,-6,10,687,-15,10,99,-14,12,59,14,-1,1,-1,-1,238,13,0,-1,0,-2,283,13,2,-1,2,1,350,13,-2,2,-2,-1,126,12,-1,-2,1,-1
358,14,5,45,-24,14,363,-9,11,159,-4,12,92,-12,12,703,-15,11,59,14,1,-3,2,1,126,13,2,3,-2,2,350,13,2,-2,3,0,14,13,-2,-1,0,0,238,13,-1,-1,0,2
384,15,5,48,-21,14,354,-9,11,157,-9,12,707,-32,11,85,-12,12,59,14,-1,2,-1,1,663,13,4,-1,-3,-1,775,13,-2,-3,1,3,126,13,-2,-1,1,-2,708,13,1,3,1,-2
407,16,5,50,-4,14,155,-7,12,334,-5,11,712,72,12,78,-12,12,59,15,4,1,3,-3,663,13,-1,-2,-1,3,775,13,-1,2,2,-1,126,13,-2,1,2,4,238,13,0,2,1,-2
433,17,5,52,10,14,725,72,12,155,-7,12,320,-5,11,72,-12,12,59,14,-1,-1,-1,1,752,14,-1,3,-2,-2,663,13,-1,-2,1,0,126,13,1,1,-2,-2,238,12,1,-1,-2,2
457,18,5,54,12,14,727,72,13,155,-3,12,309,-1,12,65,-12,12,752,16,4,-3,-1,3,663,14,-3,2,2,-3,59,14,-1,2,-3,2,126,12,0,-2,0,-4,238,11,-1,0,-1,1
482,19,5,56,15,14,730,-71,13,155,-4,13,298,-7,12,723,-65,13,708,16,-4,-2,1,-2,663,15,-2,4,-2,-1,59,13,-1,1,4,1,126,12,0,1,-1,2,238,11,-1,-1,2,-1
509,20,5,59,17,14,725,-71,14,159,-5,12,287,-19,12,721,-65,13,708,16,-1,3,1,-1,663,15,3,1,-1,-1,59,13,1,-1,-2,-2,126,11,1,-1,3,0,238,11,1,1,-5,-2
532,21,5,59,17,13,727,-71,14,712,-65,13,280,-23,11,159,0,12,708,16,3,-1,-1,-2,663,15,0,-3,-2,0,59,13,-1,-2,-3,1,238,11,-1,2,4,2,283,10,-2,0,0,3
557,22,5,721,-71,14,59,15,13,703,-65,13,273,-23,11,159,1,12,708,15,-1,-1,0,1,663,15,-2,0,1,0,59,12,1,0,6,-3,238,11,-1,-2,-2,-3,887,10,2,1,1,1
582,23,5,716,-71,14,694,-65,14,59,15,13,273,-23,11,148,-8,12,730,15,-2,-3,3,1,663,14,-1,2,0,-2,819,13,2,2,-1,2,59,12,1,1,-5,1,126,11,-2,1,-1,-5
607,24,5,710,-59,15,685,-65,14,59,13,13,152,-5,12,262,11,11,708,16,-1,4,-4,2,59,13,-1,-3,1,-2,171,13,-2,3,-4,1,126,12,3,1,1,3,238,12,1,-3,2,-5
633,25,5,714,-47,15,674,-65,14,70,12,13,152,-1,12,251,18,11,708,15,2,-2,1,0,126,14,-3,-2,-1,0,171,14,2,-3,1,-1,59,13,-2,2,2,0,238,12,0,2,1,3
656,26,5,719,-43,15,671,-59,14,76,8,13,152,-1,12,251,18,11,708,15,3,0,-1,2,752,15,-1,3,-2,-1,797,14,-3,-1,1,-2,126,13,2,1,1,-1,37,13,-2,-2,0,2
682,27,5,716,-43,15,680,-59,14,74,0,13,150,-8,12,244,9,11,730,15,3,-2,-1,1,37,14,3,1,3,3,104,14,-2,2,-4,-1,171,13,1,-2,2,-2,260,11,-1,2,3,0
707,28,5,716,-37,15,689,-59,14,79,0,13,141,-11,12,242,7,11,752,15,3,-2,2,6,104,13,0,-2,2,3,37,13,-1,0,-1,-2,216,12,-2,-1,-1,-1,260,11,1,-1,-1,-1
732,29,5,721,-34,15,689,-46,14,94,-8,13,139,-12,12,244,7,11,752,15,-2,-2,0,-3,663,15,2,2,1,2,216,13,-2,2,-1,-1,104,13,0,-1,3,-2,260,12,-2,-2,-1,-1
757,30,5,723,-33,15,689,-46,14,101,-10,13,144,-8,12,242,9,11,730,15,-1,1,1,0,126,14,-2,4,-1,1,171,14,-3,-3,-1,1,216,13,2,-2,-1,-1,14,13,1,-3,2,-2
781,31,5,723,-31,15,106,-14,13,124,-15,13,231,6,11,689,-46,14,104,15,1,-4,2,-1,37,14,-3,3,-2,-1,708,14,2,2,0,1,171,13,1,1,0,1,260,12,-1,-1,-1,1
807,32,5,723,-30,14,101,-19,13,110,-17,13,220,4,12,689,-46,14,14,15,3,-1,1,2,104,15,-1,1,-2,1,708,14,-1,-2,-2,0,171,13,0,-1,-1,-2,260,11,1,1,1,1
831,33,5,718,-33,14,700,-31,14,97,-14,13,110,-13,13,209,5,12,685,15,-2,4,-2,-5,14,15,-1,-3,-1,-2,775,14,2,-3,1,4,126,14,-1,1,2,-3,171,12,-1,1,5,2
857,34,5,718,-40,14,709,-31,14,92,-7,14,106,-14,13,202,6,12,708,16,1,5,-4,-1,752,16,-5,1,0,-5,14,16,-1,4,3,1,126,13,1,-1,-5,2,171,12,-1,-1,-4,-5
881,35,5,723,-44,15,714,-35,15,76,-4,14,106,-22,13,195,1,12,752,17,2,5,-5,-2,708,17,4,-1,-3,6,14,16,1,-3,-1,-2,126,12,-1,0,4,-1,171,12,2,0,1,3
906,36,5,727,-44,15,709,-35,15,65,-4,14,108,-30,13,193,0,12,752,17,3,-2,0,5,14,15,-1,2,-1,3,149,12,2,1,-1,0,216,10,0,0,-1,1,462,10,-2,-1,-5,-1
931,37,5,727,-41,15,63,-3,14,108,-35,13,191,4,12,705,-35,15,730,19,-7,-2,3,-7,14,16,-1,-4,0,-2,104,12,1,2,1,1,149,12,0,2,1,1,238,10,1,-2,-1,-1
956,38,5,725,-43,16,54,-2,15,115,-19,13,184,9,12,701,-35,15,730,20,-1,8,-3,-3,14,15,-1,2,-2,0,104,12,1,1,3,1,149,12,-2,0,-1,2,238,10,-1,0,1,0
982,39,5,723,-44,16,34,0,15,115,8,13,173,9,12,705,-35,16,730,20,4,4,-5,2,14,15,2,1,3,0,104,13,-3,-2,-6,-1,149,12,1,-2,1,-4,238,10,1,1,-2,3
1005,40,5,725,-45,17,23,2,15,103,4,13,162,11,12,710,-46,16,752,22,9,2,-4,3,708,21,3,-9,4,4,14,14,-1,-1,-1,1,59,13,2,-1,1,-2,104,13,-1,2,3,1
1030,41,5,727,-46,18,14,4,15,106,10,12,155,10,12,714,-46,17,730,21,1,-6,4,5,14,14,2,1,-2,1,59,13,-1,1,-1,-1,104,13,-1,-2,1,-1,149,11,1,-1,1,0
1056,42,5,729,-46,18,14,9,14,110,4,12,144,9,12,235,-12,10,730,21,-2,-6,5,1,149,14,-3,3,-2,-1,14,13,1,-1,-1,0,59,13,2,0,1,0,216,11,0,-3,1,-1
1081,43,5,734,-45,19,16,6,14,112,0,12,137,2,12,231,-12,10,730,22,-7,-1,3,-5,37,14,-3,-3,-1,-2,149,13,2,-1,1,2,104,13,2,-1,3,-1,216,11,-1,2,-1,1
1106,44,5,736,-47,20,18,2,14,115,-4,12,130,0,12,226,-17,10,730,21,-5,3,3,-4,37,15,4,1,2,-1,149,14,-3,0,1,-1,104,14,-1,3,-2,0,216,12,2,-1,-1,1
1130,45,5,734,-46,20,20,5,14,113,0,13,128,4,12,222,-20,10,730,21,-2,6,-5,-5,37,15,-3,-1,-1,3,104,14,1,-3,-1,-1,149,14,2,1,0,0,216,11,-1,0,0,-1
1156,46,5,732,-46,20,23,1,14,113,0,13,117,2,13,218,-20,10,730,22,3,6,-5,-1,37,15,-1,3,-2,0,104,14,-2,0,1,-1,149,13,1,-2,-1,1,350,10,0,1,1,1
1181,47,5,734,-49,21,25,5,14,117,-1,13,113,0,13,215,-24,10,752,21,4,4,-6,-1,37,15,2,0,1,-1,104,13,-1,-1,1,-1,149,13,1,-1,3,-1,216,11,-1,2,-2,0
1205,48,5,732,-49,21,27,4,14,122,-7,13,108,-12,13,213,-24,10,708,20,1,-4,4,2,752,20,3,0,-2,4,37,15,-2,-2,2,-1,149,13,-2,2,-6,0,104,13,2,1,-1,4
1231,49,5,734,-49,21,32,-6,14,126,-21,13,104,-28,13,211,-25,11,752,20,2,0,1,1,59,15,1,3,-2,-3,149,13,1,-2,4,2,104,13,-2,1,2,-3,216,11,1,1,-3,2
1255,50,5,730,-48,20,36,0,14,135,-24,13,104,-30,13,209,-25,11,708,19,2,-2,2,2,752,19,2,1,-2,2,59,15,-3,-1,0,1,149,13,-1,1,-1,-1,104,12,1,-1,-2,1
1280,51,5,730,-48,20,41,8,14,144,-22,13,104,-30,13,216,-25,11,730,18,2,-2,0,3,59,16,4,0,1,0,149,13,-2,1,-1,1,864,11,-1,0,1,-1,350,11,2,1,-1,0
1305,52,5,727,-46,20,45,5,15,144,-21,13,108,-30,13,216,-25,11,708,18,-1,-3,3,-3,752,17,2,-1,2,2,59,15,-2,-2,2,2,149,12,1,1,1,-3,350,12,-2,-2,0,-1
1330,53,5,725,-48,19,48,32,15,144,-19,12,108,-30,12,216,-25,11,708,17,-3,-2,1,0,59,14,0,1,-1,-1,149,11,0,-1,-1,1,350,11,1,1,2,1,529,11,-2,-1,0,0
1356,54,5,723,-44,19,50,32,14,144,-19,12,108,-30,12,216,-25,11,708,17,-2,-1,2,-3,59,14,-1,1,0,1,529,11,-1,-1,-2,-2,350,10,0,0,-1,0,462,10,1,1,1,4
1380,55,5,718,-44,18,52,-48,14,149,-19,12,104,-30,12,216,-25,11,685,16,-3,2,0,0,730,16,-1,-3,1,-1,59,13,-1,1,0,-3,350,10,-1,1,2,1,529,10,-1,0,3,1
1406,56,5,718,-44,18,56,-58,14,146,-21,12,104,-30,12,216,-25,11,730,16,-3,-2,2,0,81,12,1,-2,1,3,126,11,1,2,-3,2,596,11,-2,1,0,-2,350,11,2,-1,-2,-1
1429,57,5,716,-38,17,61,-45,14,104,-30,12,144,-18,11,216,-25,11,730,16,-1,0,3,1,81,13,-3,1,-3,1,439,12,3,0,2,0,596,12,2,-1,1,1,126,11,0,-2,-1,-3
1454,58,5,718,-38,17,61,-45,14,104,-30,12,142,-18,11,367,16,10,730,16,0,4,-4,-1,37,15,-4,-2,-2,1,596,12,-2,-1,-1,-1,439,11,-1,0,-1,2,327,11,1,1,2,-2
1481,59,5,716,-47,17,59,-3,14,112,70,11,139,-7,11,376,16,10,37,17,6,2,2,2,730,17,1,5,-4,-5,663,16,2,-3,1,4,126,12,-3,1,-3,-2,193,11,1,-2,1,-2
1504,60,5,718,-50,16,56,-6,14,121,2147483647,11,137,-12,11,385,16,11,37,17,-2,-2,-1,-4,730,16,-2,1,1,1,663,15,-1,1,-2,-2,126,13,3,1,1,5,193,11,-2,1,-2,-1
1529,61,5,718,-50,16,54,-8,14,130,2147483647,11,135,-14,11,394,16,11,730,17,-2,-5,3,1,37,16,-1,2,-3,2,126,13,-1,-2,1,-4,193,12,2,1,2,2,596,12,1,-2,-1,-1
1555,62,5,721,-55,16,52,-7,14,144,32,11,132,-15,11,403,16,10,730,17,0,2,-1,-1,37,15,1,0,2,0,126,12,1,1,-1,2,238,12,-1,-3,-1,-1,193,12,-2,-1,-1,-1
1580,63,5,721,-54,16,50,-2,14,157,2,11,132,-15,11,412,16,10,708,17,4,1,-1,1,37,16,0,-4,-3,1,149,13,-3,0,1,1,238,13,2,2,1,1,193,11,1,-1,-1,1
1604,64,5,723,-54,16,45,1,15,170,-4,12,130,-17,12,421,16,11,730,17,0,4,-3,-2,14,16,3,2,-2,-4,126,13,2,-1,1,2,238,13,-2,-1,-1,-2,193,11,-1,1,-2,1
1629,65,5,727,-55,16,41,3,15,184,-1,12,126,-17,12,430,16,11,730,16,0,1,3,0,14,15,-1,-1,1,1,104,13,-1,2,-3,0,238,12,1,1,3,1,171,12,2,-2,-1,-3
1655,66,5,725,-46,16,34,5,15,191,-2,12,123,-15,12,439,16,11,708,17,-4,3,-5,-2,14,14,0,1,0,1,104,12,0,1,1,-1,171,12,-1,-1,1,1,238,12,0,-1,-2,1
1679,67,5,723,-46,16,27,7,15,117,-17,12,197,-3,12,439,16,11,708,16,-2,1,2,-3,14,14,-2,1,0,0,59,14,-2,-2,-1,0,104,13,1,-3,1,-3,171,12,2,2,1,2
1704,68,5,721,-45,16,27,-1,15,115,-18,12,204,-3,12,231,13,11,708,16,-1,-3,4,-2,37,13,1,-2,2,0,104,13,1,2,1,1,171,12,-2,-1,-2,-1,238,12,2,1,2,1
1729,69,5,721,-39,16,27,15,14,112,-16,12,202,-3,12,443,17,11,730,16,4,2,-4,3,775,16,-2,4,-4,-3,37,13,1,1,1,1,484,13,1,3,1,2,104,12,-1,-1,-3,2
1754,70,5,719,-38,16,27,15,14,108,-6,12,208,-2,12,448,15,11,708,17,4,2,0,1,37,13,-2,2,-4,1,81,13,-1,-3,-1,-3,484,12,-1,-1,-2,-1,260,12,1,2,0,2
1779,71,5,716,-36,16,25,27,14,103,6,12,215,-3,12,452,16,11,708,16,1,0,-2,0,14,15,3,-3,-1,-3,81,14,-1,4,2,2,260,12,-2,0,1,-2,484,12,-1,1,1,0
1804,72,5,714,-35,16,23,30,14,99,11,13,217,-5,12,457,9,11,708,16,-3,0,0,-2,14,14,2,1,-1,1,81,14,-1,2,1,0,260,12,2,1,-2,-1,484,12,1,-2,3,-4
1829,73,5,714,-34,16,20,29,14,92,10,13,215,-10,12,461,9,11,14,15,-3,3,3,2,708,15,1,-1,1,2,81,14,0,-2,-2,-1,216,12,-1,2,-1,-2,260,12,0,-2,3,1
1855,74,5,712,-31,15,20,16,14,88,11,13,213,-11,12,226,1,12,14,14,1,0,-1,-3,708,14,0,-2,2,-1,81,13,1,0,1,1,216,12,1,-2,0,1,305,11,0,1,-1,-1
1879,75,5,712,-31,15,20,16,13,85,16,13,213,-15,11,224,-2,11,14,14,0,-2,1,1,730,14,1,1,-1,2,81,12,-1,1,1,0,238,11,-1,1,1,-1,149,11,1,-2,-2,2
1904,76,5,712,-39,15,20,18,13,83,14,13,211,-10,11,215,-2,11,708,13,-2,-1,1,2,752,13,2,-2,-2,1,14,13,1,1,1,-1,81,12,0,-2,1,-1,149,11,1,2,2,1
1929,77,5,710,-36,15,20,20,13,85,13,12,209,-6,11,220,-2,11,685,14,-3,-2,2,-2,752,14,3,1,0,3,14,14,-3,1,1,-1,81,11,1,0,-3,3,149,11,0,-2,-1,-4
1954,78,5,714,-39,15,18,12,13,83,5,12,215,-8,11,211,-2,11,752,16,4,-3,1,4,14,14,3,1,-1,4,81,12,-2,2,-1,-6,238,11,1,-1,-2,1,551,10,2,1,1,-3
1978,79,5,716,-36,15,16,-7,14,81,-44,12,215,-32,11,202,-2,11,752,17,0,-5,3,0,14,14,-2,-1,2,-3,81,13,1,-3,1,4,439,12,3,-1,0,1,171,11,0,2,-1,-3
2003,80,5,716,-39,15,14,64,14,81,-73,12,206,-66,11,193,-2,11,708,16,-2,1,2,-2,752,16,0,-1,3,1,14,14,2,-2,-2,1,81,14,2,3,2,0,171,11,-1,-2,-2,0
2029,81,5,716,-41,15,14,-66,13,81,-54,12,197,-66,11,184,-2,11,708,16,0,3,-1,-2,752,16,-3,0,0,-1,14,13,1,1,1,2,81,13,-1,1,-1,-2,551,11,1,2,-1,2
2054,82,5,716,-40,15,14,-64,13,81,-50,12,186,32,11,175,-2,11,708,15,1,2,-2,3,752,15,-2,1,-2,-2,14,13,-2,0,-1,-1,81,13,1,-2,0,-1,149,11,0,2,-1,-1
2079,83,5,716,-41,15,16,-39,13,81,-48,12,182,20,11,164,-2,11,708,15,2,2,-3,0,752,15,-2,2,-1,-2,81,13,-1,-1,2,-1,37,12,-2,1,-1,-1,171,12,2,2,-1,1
2103,84,5,716,-43,15,18,-39,13,81,-53,12,177,12,11,754,-33,14,708,15,3,-1,-1,2,752,15,-1,2,-1,-1,81,12,-1,-1,1,2,171,11,0,-1,1,-2,283,11,-1,1,-1,3
2128,85,5,718,-44,15,25,-34,13,76,-43,12,171,15,11,747,-31,14,752,15,3,1,-1,1,708,15,1,-1,1,-1,37,12,-2,1,-4,1,81,12,1,-1,-1,-2,171,11,-2,1,1,-1
2154,86,5,723,-41,15,32,-34,13,72,-39,12,173,-53,11,743,-28,14,752,15,-1,-2,-1,-2,708,14,-2,0,0,1,37,12,2,1,3,1,327,12,1,-3,2,-1,171,12,2,-1,0,1
2178,87,5,730,-41,15,79,-34,12,38,-34,12,180,-53,11,738,-28,14,752,14,1,-1,2,4,327,13,-1,3,-2,1,149,12,-1,-3,1,-1,216,11,2,1,1,-1,260,11,2,1,2,1
2203,88,5,725,-45,15,83,-25,12,43,-30,12,175,-69,11,734,-28,14,708,15,-4,2,2,-3,126,13,0,3,-2,-1,327,12,1,-1,2,-1,59,12,3,-1,0,2,193,11,-2,0,1,-1
2228,89,5,725,-48,15,85,-22,12,47,-40,12,177,-69,11,730,-46,15,752,16,-5,1,1,-3,708,16,2,4,-3,-2,104,13,1,-3,2,3,59,12,-2,0,2,-1,327,12,-1,-1,-2,2
2253,90,5,730,-44,15,88,-31,12,50,-22,12,179,-37,11,725,-43,14,752,16,2,-2,2,0,708,15,-2,-1,-1,-1,104,12,-1,1,-1,-5,37,12,1,-2,-1,4,193,11,2,1,-1,4
2278,91,5,734,-43,15,721,-47,14,90,-29,12,52,-22,12,177,-36,11,752,16,-1,4,-1,-1,708,16,4,0,-1,1,104,12,-1,1,0,1,149,12,1,-2,1,0,193,10,-1,0,0,1
2303,92,5,738,-45,15,716,-50,14,97,-34,12,54,-22,12,173,-38,11,752,16,-1,1,-2,-1,708,15,2,0,0,2,149,12,-1,2,-1,-2,104,11,1,-1,-1,2,216,10,0,-1,2,1
2328,93,5,743,-42,15,712,-48,14,104,-34,12,54,-22,12,166,-41,11,752,15,2,2,0,1,708,15,2,-2,1,-1,149,12,0,-2,1,1,104,11,-1,0,2,-1,618,11,-2,1,-3,2
2352,94,5,747,-42,15,708,-53,14,110,-33,12,54,-22,12,159,-44,11,752,15,1,1,-2,-1,708,14,1,-1,-1,3,149,11,0,1,-2,-1,104,10,1,-1,-1,1,618,10,1,0,3,-3
2377,95,5,743,-40,15,712,-56,14,117,-33,12,50,-22,12,157,-28,11,708,14,1,2,-1,2,752,14,-1,-1,-2,0,104,12,3,1,2,3,149,11,-1,2,-4,3,462,10,2,-2,-1,-2
2402,96,5,738,-40,15,716,-50,14,128,-35,12,155,-28,11,45,-22,12,708,14,1,-2,1,-2,752,13,1,1,2,1,149,11,1,1,6,-2,462,10,0,2,1,5,395,10,2,-1,3,-2
2428,97,5,738,-38,15,716,-47,14,128,-37,11,148,-28,11,41,-22,12,752,14,3,1,-1,3,708,13,0,-2,2,1,149,11,-2,-1,-2,2,439,11,-2,-1,-2,-1,395,10,-1,1,-2,2
2453,98,5,743,-30,14,716,-47,14,126,-21,11,144,-16,11,39,-22,12,752,13,-1,-2,-1,-1,104,11,-2,0,-5,-1,149,11,-1,-1,0,-4,462,10,-1,-2,-2,0,216,10,2,0,2,1
2477,99,5,743,-23,14,727,-38,14,119,-10,11,139,-17,11,37,-22,12,752,14,-2,2,1,-1,37,13,-1,0,-2,-3,149,12,3,1,0,3,819,12,-1,-2,-1,2,216,10,-2,0,0,-1
2502,100,5,741,-25,14,739,-37,13,124,-4,11,135,-17,11,363,13,11,730,14,-3,0,-1,-3,149,12,-2,-1,-1,-1,819,12,2,-1,2,1,417,12,2,-3,1,-2,506,11,-2,2,-2,2
2527,101,5,741,-27,14,750,-30,13,128,-2,11,126,-16,11,372,9,11,752,16,0,-5,3,1,819,13,1,3,-2,1,149,12,-1,-1,-1,3,59,11,2,-1,2,0,417,11,-1,1,-2,0
2552,102,5,741,-29,14,745,-33,13,122,3,11,131,-15,11,381,9,11,752,15,2,-2,2,3,663,14,-3,2,-1,-3,819,12,1,1,-2,-1,81,11,-2,-1,-2,1,149,11,1,1,-1,-2
2578,103,5,741,-33,14,743,-48,13,122,6,11,135,-15,11,396,7,10,752,16,4,-1,-1,3,685,16,-4,-3,4,1,819,12,-1,2,-1,0,149,12,2,1,5,-1,484,11,1,2,2,-2
2602,104,5,738,-37,14,754,-46,13,108,5,11,131,-15,11,412,7,10,730,16,4,2,-5,2,819,13,-2,-2,3,-1,14,11,0,-2,2,-1,59,11,2,1,1,2,104,11,0,2,-2,1
2627,105,5,741,-41,14,747,-48,13,106,9,11,131,-17,11,428,7,10,730,16,-1,2,2,-2,685,15,2,1,-1,-1,81,12,-1,-3,-1,-2,149,12,2,2,-1,2,819,12,1,0,0,3
2651,106,5,745,-43,15,741,-48,13,92,5,11,124,-20,11,437,7,10,752,16,3,-2,0,4,685,15,-3,-1,1,-2,14,12,0,3,-1,-2,842,12,-2,2,0,-3,81,12,1,-1,2,2
2677,107,5,745,-43,15,738,-44,13,79,1,11,121,-25,11,497,5,10,752,16,4,-1,1,0,685,16,-2,-3,-1,-2,14,13,1,-3,0,1,126,12,-2,-1,1,-2,81,12,0,2,-1,-1
2702,108,5,745,-42,15,736,-44,14,74,9,12,119,-25,11,501,5,10,752,17,1,4,-5,1,685,16,1,-3,5,5,59,13,-3,2,-1,4,305,12,-3,1,-3,3,238,12,2,2,3,4
2726,109,5,745,-42,15,723,-44,14,74,12,12,115,-19,11,166,-10,10,752,16,1,1,-4,1,37,16,2,-5,-1,-3,104,14,2,4,2,2,305,12,2,-1,2,2,171,12,-2,-2,-4,1
2751,110,5,747,-44,16,709,-44,15,63,12,12,117,-12,11,162,-10,11,752,18,0,6,-1,-1,37,15,-1,1,-2,-1,305,13,-3,1,-1,-3,260,13,1,3,-2,-1,171,11,-1,1,-1,4
2776,111,5,745,-46,16,696,-44,15,52,10,12,121,-13,11,166,-2,11,730,19,-1,7,-5,-5,37,14,1,1,3,1,104,13,-2,1,-1,0,305,12,0,-1,2,4,260,12,0,-1,4,-2
2802,112,5,745,-47,16,698,-44,15,47,9,13,117,-10,12,159,-1,11,752,18,-3,-1,1,-1,37,13,0,-1,-2,-3,104,13,0,2,1,1,305,12,2,1,-1,-3,149,11,-2,-2,-1,-1
2827,113,5,745,-48,17,698,-44,15,34,2,13,112,-5,12,155,4,11,752,19,-5,-1,4,-3,14,14,2,3,1,6,104,13,1,-2,-1,-4,171,12,-2,2,2,2,305,12,-1,-1,0,0
2851,114,5,743,-48,17,685,-44,15,43,8,13,124,0,12,162,4,11,708,18,-4,1,1,-1,104,14,-1,-3,-1,4,171,12,2,0,-2,-3,327,11,-1,2,-2,2,395,10,-1,-1,-1,-2
2876,115,5,741,-44,17,691,-41,16,45,8,13,126,0,12,179,8,11,708,18,-2,-3,2,-3,752,18,3,-3,2,2,104,13,1,2,-1,0,283,12,-2,-1,-1,-4,327,11,1,-1,3,-1
2901,116,5,741,-43,17,698,-41,16,52,8,13,135,13,12,197,10,11,752,18,-1,-3,2,0,81,13,-1,1,1,-2,283,12,2,0,2,-1,327,11,1,2,2,1,171,11,1,0,-2,2
2926,117,5,741,-46,17,59,8,13,126,13,12,204,10,11,705,-41,16,752,17,1,3,-2,-3,81,14,1,-3,-1,2,37,13,-3,-2,0,-1,149,12,1,3,-1,-3,283,11,1,0,-1,1
2952,118,5,741,-47,17,61,6,13,128,13,12,204,12,11,711,-41,16,752,17,3,-3,2,5,81,13,0,2,2,2,149,13,1,-3,1,-1,238,11,-2,2,-2,2,283,11,-2,-1,0,-1
2975,119,5,743,-46,17,61,-6,13,133,13,12,215,11,11,714,-41,16,775,17,-2,3,-2,-1,708,17,3,-2,-1,2,37,14,-2,1,-3,-2,149,13,-1,2,-1,3,283,12,-1,2,1,3
3001,120,5,745,-45,17,61,-10,13,130,17,12,222,7,11,716,-41,16,775,17,1,-3,2,0,708,16,-3,1,1,-2,37,13,1,-2,2,2,149,13,-1,-2,-1,1,238,11,-1,1,0,0
3026,121,5,743,-44,17,61,-16,13,135,26,12,224,13,11,725,-41,16,708,16,1,1,-2,-1,775,16,0,1,2,-1,37,14,0,3,-2,1,149,13,-1,2,3,-1,283,11,1,-2,-2,-1
3051,122,5,739,-43,17,61,-12,13,139,34,12,238,13,11,732,-39,16,708,15,2,-1,1,3,752,15,-1,2,-3,1,37,14,2,1,4,0,149,13,2,-2,-3,0,283,12,1,-2,1,0
3075,123,5,739,-40,16,63,-11,13,137,39,12,236,9,11,307,-6,11,752,15,1,1,0,0,37,13,-1,-2,-2,-2,81,13,3,1,1,-2,149,13,-1,1,1,0,395,12,3,1,3,0
3100,124,5,739,-40,16,56,-8,13,128,35,12,233,2,11,314,-6,11,708,14,2,-1,-1,4,752,14,0,1,-3,-1,37,13,-1,-1,-2,1,81,13,0,-1,-1,-1,149,12,0,-1,1,-1
3125,125,5,745,-42,16,50,-6,13,126,32,12,321,-6,11,233,9,11,775,15,-1,4,-4,-2,708,14,3,-1,1,4,37,14,1,3,0,1,149,12,-2,1,0,-1,283,11,0,2,1,3
3151,126,5,745,-45,15,43,-8,13,124,31,12,327,-6,11,233,9,11,752,15,-4,1,3,-3,14,14,-3,-2,1,-1,685,14,3,2,-2,1,484,12,2,-3,2,-1,149,12,1,-1,0,1
3176,127,5,745,-43,15,36,-9,13,133,34,12,347,1,11,247,9,11,14,16,4,2,-1,-1,752,15,2,2,-1,-1,685,14,-1,-2,0,1,484,12,-1,1,-1,2,126,11,0,-2,1,0
3200,128,5,745,-40,15,41,-14,13,368,1,11,130,34,12,251,9,11,752,16,4,-3,3,5,685,15,-4,-1,2,-4,126,11,-1,1,2,-2,484,11,-1,0,1,-2,439,10,-1,0,-2,0
3225,129,5,743,-45,15,52,-10,13,388,1,11,135,50,12,251,9,11,752,17,2,-5,1,5,149,11,2,-1,-4,2,484,10,1,0,1,1,193,10,1,2,-2,-3,864,10,1,-1,2,-3
3250,130,5,738,-41,15,50,-1,13,394,5,11,256,8,11,135,50,11,730,20,-5,-7,2,-3,14,16,-2,-4,0,0,283,11,1,-3,-1,-3,350,11,1,3,4,2,149,11,-1,1,1,1
3275,131,5,741,-44,16,47,2,13,401,7,11,256,4,11,135,62,11,730,20,-6,1,4,-3,14,16,0,3,-1,1,283,12,0,3,-1,3,350,11,-1,-2,-4,-2,149,10,-1,1,-1,-3
3300,132,5,743,-45,16,45,9,13,408,7,11,256,5,11,132,-52,11,730,19,2,-1,-1,4,14,15,1,1,1,-3,126,12,3,-1,-1,3,283,12,-1,-1,0,0,350,11,1,-1,2,1
3325,133,5,741,-49,17,43,53,14,403,7,11,271,6,11,132,-50,11,730,20,-5,6,1,-5,14,15,-1,-2,-1,1,81,13,1,3,-3,-2,126,13,-3,1,3,-4,305,12,2,2,0,-2
3350,134,5,743,-49,17,41,53,14,287,7,11,132,-51,11,399,7,11,730,20,-1,2,-1,-4,14,14,1,-1,0,1,81,13,-1,0,2,-1,126,12,1,-1,0,4,305,12,-1,-1,-2,-1
3374,135,5,738,-48,18,38,2147483647,14,289,6,11,130,-48,11,394,7,11,730,19,2,4,-2,2,14,13,-1,1,1,1,126,12,-2,1,-1,-3,81,12,1,1,-2,2,305,11,1,1,1,3
3400,136,5,736,-46,18,38,77,14,282,4,11,130,-45,11,685,-38,14,730,19,-1,3,-5,-4,14,13,1,-2,1,2,149,12,2,1,0,2,81,12,-1,-1,-1,-1,216,11,-3,0,0,-1
3425,137,5,734,-44,18,38,-66,13,282,8,11,139,-46,11,685,-38,15,730,19,5,0,1,3,14,13,0,2,-2,-1,216,12,3,0,-1,1,283,12,-1,3,2,0,126,11,-1,-1,1,0
3449,138,5,732,-48,19,27,-26,13,282,9,11,148,-47,11,685,-38,15,730,18,0,-2,-2,3,14,13,-2,-2,-1,-3,283,13,1,-3,-1,-2,216,12,-1,1,0,0,350,11,2,2,1,0
3474,139,5,730,-44,19,14,-32,14,282,8,11,150,-47,11,350,0,10,730,18,2,-2,2,0,14,13,-1,0,2,2,283,13,-1,1,-3,3,216,11,0,0,3,-1,350,10,0,-1,1,-1
3501,140,5,730,-50,18,14,-29,13,276,11,11,164,-48,11,350,0,10,730,17,0,-2,1,1,14,12,0,1,-2,1,283,12,0,1,2,-1,216,11,2,-1,-2,-1,171,10,-2,-1,1,2
3525,141,5,730,-47,18,14,-32,13,269,18,11,179,-49,12,350,0,10,730,16,-2,1,1,0,305,12,-1,2,1,1,14,11,1,-1,3,1,216,11,-1,-1,-1,-1,126,10,2,1,-1,1
3550,142,5,730,-46,18,197,-43,12,262,19,11,14,-28,12,350,0,10,730,17,-3,4,-2,-3,775,16,-3,-4,3,0,305,12,1,-2,1,-2,14,12,2,-1,0,0,216,11,-2,1,0,3
3574,143,5,730,-40,18,218,-23,12,253,19,11,14,-15,12,354,-21,10,730,18,5,2,-3,2,819,15,-4,1,2,-2,14,13,-2,3,-3,3,283,12,3,1,1,0,395,10,-2,-2,1,-1
3599,144,5,732,-42,17,238,-20,11,14,-16,12,236,19,11,359,-21,10,752,18,-5,2,2,-4,14,13,-1,-2,3,-4,283,12,-2,1,-1,-1,59,11,2,-1,3,1,126,10,1,2,-1,-1
3624,145,5,732,-45,17,251,-11,11,14,-18,12,218,14,11,363,-21,10,730,19,5,-2,-1,4,14,13,-2,2,-4,-1,59,13,-3,-2,1,-4,126,12,3,-1,2,3,260,12,0,-2,2,-2
3649,146,5,732,-45,17,253,-14,12,14,-16,12,209,6,11,110,-25,11,730,18,1,2,-1,1,14,15,4,-2,4,2,59,15,2,4,-1,4,126,14,-4,0,-2,-2,171,14,-1,-4,2,-2
3675,147,5,732,-46,17,249,-10,12,14,-16,12,186,0,12,103,-25,11,730,17,-1,-2,2,-3,14,14,-2,0,-1,-3,59,14,0,-1,1,0,171,13,-1,1,1,0,260,12,1,-1,3,1
3699,148,5,732,-44,17,242,-8,12,14,-17,13,180,-9,11,97,-25,12,730,17,-3,-2,2,-2,14,14,1,1,0,1,149,12,-1,1,-3,2,260,12,1,1,1,2,216,11,-1,-1,2,-3
3724,149,5,732,-49,17,233,-8,12,18,-17,13,153,-15,11,90,-25,12,730,18,-4,-4,5,2,59,14,-3,1,2,-1,14,13,1,2,-1,-1,126,13,-1,-3,0,0,216,12,1,2,0,2
3749,150,5,730,-50,17,220,-9,12,18,-16,13,137,-16,12,79,-25,12,708,20,-8,1,2,-3,14,13,1,1,2,1,149,13,-1,2,-1,1,59,13,0,0,0,2,216,11,1,-1,0,-1
3774,151,5,727,-48,18,204,-13,12,18,-15,13,121,-16,12,72,-25,13,708,19,1,-3,1,-1,14,14,-2,-3,0,0,149,13,-1,-2,2,-2,216,11,1,1,-1,3,283,10,-1,0,-1,0
3799,152,5,727,-50,18,18,-16,13,189,-17,12,110,-23,12,65,-25,13,730,18,-2,-1,1,1,14,14,2,1,-1,1,149,13,2,1,-1,2,104,13,-3,-1,2,1,216,12,-3,0,-2,-2
3823,153,5,725,-49,18,18,-20,13,175,-17,12,99,-29,12,59,-25,14,708,19,3,-5,2,2,14,13,-2,0,1,1,149,13,-2,-1,-2,-3,216,13,3,-1,5,0,104,12,1,1,-2,0
3848,154,5,721,-47,18,18,-22,13,168,-14,12,103,-21,12,59,-25,14,708,19,3,-3,1,2,216,13,-2,1,-3,1,14,13,0,1,-2,-4,171,13,-1,2,1,3,283,12,-2,-1,2,-2
3874,155,5,721,-51,18,164,-13,13,18,-26,13,99,-18,12,238,-11,11,730,20,7,-1,-5,4,216,13,2,0,1,-1,14,12,-1,-1,1,4,260,12,1,2,2,1,81,12,2,1,-2,-1
3899,156,5,721,-51,18,166,-12,12,18,58,13,101,-30,12,240,-10,11,730,20,3,5,-3,0,193,13,-2,2,0,-1,14,12,2,-1,-1,-4,149,12,1,2,-2,1,260,12,0,-2,-2,1
3924,157,5,721,-52,18,162,-8,13,18,48,13,115,-15,12,240,-8,11,730,19,-1,0,-2,-1,126,14,0,-4,0,-4,14,13,-3,1,4,3,193,13,1,2,2,1,260,11,-1,0,0,1
3948,158,5,721,-52,19,159,-6,13,18,44,13,115,28,12,240,-8,11,730,19,-3,4,-1,-1,126,14,-2,3,1,1,14,14,1,-3,-2,-1,216,13,0,-3,-2,1,59,12,3,1,1,-1
3973,159,5,721,-49,19,159,-7,13,135,37,12,14,42,13,255,-3,11,730,19,-3,-1,3,-3,126,14,1,0,-1,1,14,13,2,0,1,0,216,13,-1,2,2,-2,372,11,3,0,2,-2
3998,160,5,723,-44,19,166,-8,13,141,37,12,14,43,13,260,-5,11,730,19,-5,-2,2,-5,216,14,3,-1,1,1,14,13,-1,2,2,1,126,13,0,0,-1,-1,260,12,0,3,-1,1
4023,161,5,725,-46,19,173,-4,13,148,35,12,264,-5,11,18,40,13,730,18,-2,2,2,0,216,14,-2,-2,-1,0,59,13,2,-3,-3,-2,126,13,1,2,2,-1,14,13,-1,-1,-3,4
4049,162,5,725,-45,19,180,2,13,150,37,12,278,-3,11,23,38,12,730,18,-1,2,-4,-3,216,14,1,2,3,-1,59,13,-1,2,2,2,126,13,0,-2,-3,1,350,12,-1,-2,0,-4
4072,163,5,727,-44,18,186,3,13,153,37,12,291,-3,11,29,34,12,730,17,3,-2,3,3,685,17,-2,-3,4,-3,216,13,-2,1,-4,1,81,12,1,-2,1,-3,14,12,-1,2,1,1
4097,164,5,730,-44,18,186,-2,13,161,38,12,298,-3,11,29,32,12,730,17,-3,1,0,-1,685,16,0,3,-1,1,216,14,3,-2,3,2,260,13,2,2,-1,4,14,12,1,-2,-2,-1
4123,165,5,730,-39,18,186,-7,13,179,38,12,300,-6,11,29,32,12,730,17,2,-4,1,3,685,17,-4,-1,3,-2,216,15,-3,1,-1,-2,283,13,1,-3,2,0,327,13,3,0,1,1
4148,166,5,730,-36,18,189,-9,14,193,39,13,307,-6,11,29,32,12,730,17,-1,-3,4,-2,685,16,-2,2,-1,-4,216,14,1,1,-4,1,283,13,-1,2,2,-2,327,13,-2,-1,-1,1
4172,167,5,730,-38,17,198,-15,14,202,77,13,313,-6,12,29,23,12,730,17,3,-1,-1,2,216,14,1,-2,3,-1,14,13,-2,-3,-1,-2,283,13,2,1,-2,1,149,13,-3,1,-3,-1
4197,168,5,730,-37,17,207,-16,13,195,-35,13,316,-4,12,29,17,12,730,16,1,1,1,1,14,13,1,2,3,6,216,13,-1,1,1,2,149,13,0,-2,3,-3,283,12,0,-1,-2,1
4223,169,5,730,-37,17,216,-17,13,188,-28,12,307,-4,12,29,17,12,730,15,0,1,-1,-1,14,13,1,1,-3,-2,216,12,1,1,-2,-1,59,12,-1,2,1,-3,149,12,1,-1,1,3
4248,170,5,727,-39,16,209,-18,13,309,-4,12,200,-28,12,34,17,12,708,15,-2,1,0,1,59,12,1,-2,-1,1,149,12,-2,1,2,0,238,12,2,-1,-1,-1,14,12,-1,0,2,0
4273,171,5,725,-35,16,198,-24,13,307,-7,12,202,-32,12,29,8,12,708,15,-1,-3,0,-1,104,13,2,-2,1,2,14,13,-2,2,-2,-2,149,12,2,1,-2,2,238,12,-2,0,2,-1
4297,172,5,723,-36,16,186,-22,13,300,-8,12,213,-33,12,25,3,12,708,14,-1,0,1,2,104,13,-3,1,-1,2,14,13,3,-1,0,1,238,12,-1,2,1,-1,283,12,-2,-1,1,0
4322,173,5,721,-40,15,175,-25,13,294,-8,12,229,-36,12,18,4,12,708,15,2,-4,1,1,641,14,-4,1,1,1,14,13,-1,1,0,1,104,13,0,-1,-2,-3,283,12,2,-1,-3,0
4347,174,5,719,-41,15,157,-30,13,231,-48,12,27,0,12,287,-8,12,708,14,0,-1,3,2,641,13,2,-1,0,-3,37,12,-1,2,0,-1,104,12,-1,0,1,0,283,12,-1,2,1,-1
4372,175,5,710,-31,15,139,-15,12,233,-48,12,36,-7,12,287,-8,12,641,14,-2,2,-1,1,708,14,0,-1,-2,-1,752,13,2,1,-1,-2,37,12,1,-2,0,-2,104,12,1,-1,2,1
4397,176,5,710,-38,15,220,-66,12,122,-3,12,45,-11,12,282,-8,12,730,16,3,5,-4,1,641,14,-2,-3,3,1,37,12,1,2,0,3,104,12,2,0,-2,-1,149,12,-1,2,1,0
4422,177,5,710,-41,15,207,-72,12,104,-10,12,54,-16,12,278,2147483647,11,730,16,-4,1,2,-2,37,13,-3,-2,1,-2,104,11,1,0,2,2,149,11,1,0,-1,1,283,11,-1,-1,-3,2
4447,178,5,707,-43,15,86,-10,12,218,-72,11,63,-25,12,665,-52,14,708,16,3,1,-1,0,37,15,4,1,2,1,641,15,-2,-2,0,-1,104,13,-3,2,-2,1,260,12,3,-1,1,-1
4472,179,5,705,-41,15,68,-7,13,229,75,11,72,-23,12,660,-52,14,708,17,-2,4,-4,-3,37,15,-3,1,-2,0,104,12,0,-1,1,-2,260,12,-1,1,-3,1,171,11,2,-2,2,1
4497,180,5,705,-44,15,57,-7,13,215,64,11,83,-17,12,656,-52,14,708,16,-2,-2,4,2,37,14,0,-1,-1,1,171,13,-3,2,1,1,104,12,2,0,1,-2,238,12,2,-2,2,-1
4522,181,5,705,-45,15,50,-3,13,211,64,11,99,-4,12,663,-51,14,708,16,-1,3,-3,-3,752,16,-4,-1,2,-2,37,13,1,-1,1,-1,305,12,1,-3,2,-3,171,12,1,0,1,0
4546,182,5,705,-47,15,43,-6,13,213,22,11,115,-4,12,669,-53,14,708,16,-1,-3,3,3,752,16,3,0,-3,3,37,13,-1,-1,0,3,327,13,-1,3,-2,0,260,12,2,0,3,3
4571,183,5,710,-47,15,37,-5,13,211,22,11,137,-5,12,278,-10,11,752,16,1,2,1,1,327,13,-1,-2,0,-1,37,12,1,1,1,-3,238,12,1,2,-1,1,439,11,-2,-1,0,2
4597,184,5,710,-45,15,282,-8,11,37,-5,13,206,-5,11,135,-9,12,708,15,2,2,-1,2,37,12,-1,2,-3,2,327,12,1,0,-1,0,81,12,-3,-1,-1,-2,238,11,-1,1,-3,-1
4622,185,5,719,-46,15,287,-5,11,37,-8,13,200,-8,11,132,-5,12,730,15,-2,2,2,-3,327,12,1,1,2,0,37,11,0,0,-2,-2,81,11,-1,1,1,0,216,11,-1,-1,1,-4
4647,186,5,719,-47,15,37,-12,13,217,-8,11,130,-6,11,291,-5,11,730,15,-1,2,-2,0,797,13,-1,-2,1,-1,37,12,1,-2,3,1,81,11,2,1,-1,-1,327,11,-1,0,-3,-1
4671,187,5,719,-45,15,37,-9,12,222,-10,11,128,-4,11,295,-5,12,730,14,-1,-2,1,2,797,12,1,1,-2,-2,37,11,-1,1,1,-2,81,11,-1,-1,2,2,193,11,-2,-2,1,-3
4696,188,5,721,-42,15,41,-10,12,211,-11,11,121,-1,11,743,-47,14,730,14,-1,-1,1,-3,81,12,0,-3,1,-3,37,11,-2,-1,-3,-1,797,11,1,0,2,2,149,11,2,2,1,2
4721,189,5,723,-46,15,217,-12,11,45,-9,12,114,2,11,758,-48,14,730,13,0,1,2,1,81,12,-1,1,-2,2,37,11,0,2,1,3,327,11,1,2,0,1,797,11,-1,1,0,-1
4746,190,5,725,-41,14,774,-49,13,240,-14,11,43,-8,12,108,-3,11,730,13,1,-2,-1,1,14,12,2,-2,-1,0,797,11,2,-1,0,2,104,11,-1,1,1,-1,327,11,1,0,1,3
4771,191,5,727,-47,14,779,-49,13,262,-16,11,41,-9,11,103,-3,11,730,14,-3,1,2,-2,327,12,-2,-2,0,-1,14,11,0,1,0,-3,126,11,1,-3,-1,2,193,10,1,2,-1,-1
4796,192,5,730,-39,14,783,-49,12,269,-17,11,45,-11,11,101,-12,11,730,13,0,2,-1,-2,327,12,2,1,-1,1,81,11,1,-1,-4,3,149,11,-2,-1,1,-4,193,11,1,-2,4,1
4821,193,5,727,-42,14,785,-45,12,275,-18,11,50,-7,11,90,-7,11,730,14,-2,2,-1,-2,775,12,-2,-2,1,-1,327,12,-1,1,-2,0,81,11,2,1,2,-2,126,11,0,2,1,1
4846,194,5,730,-48,13,788,-43,12,284,-19,11,54,-10,11,94,-7,11,730,14,3,-1,-1,4,775,13,1,3,-4,-1,484,12,-2,2,-1,0,81,12,-2,-1,1,-1,327,12,0,-2,3,0
4871,195,5,730,-46,13,295,-19,11,58,-8,11,101,4,10,790,-43,11,730,14,2,1,-2,2,484,12,2,0,2,-1,81,11,-1,-1,-1,0,327,11,1,1,0,0,149,10,2,0,-1,-2
4895,196,5,730,-50,13,286,-22,11,58,2,11,110,9,10,788,-43,11,730,14,0,-3,1,1,37,12,2,-2,1,-1,484,12,-1,-1,-1,-1,171,11,-3,-1,0,2,238,11,2,-1,-1,1
4920,197,5,730,-48,13,291,-16,11,58,0,11,119,11,11,786,-43,11,730,13,-1,-1,3,-2,37,12,0,2,-2,3,171,12,2,2,3,0,238,11,-2,-1,-3,1,327,11,1,2,3,-1
4946,198,5,730,-51,13,300,-21,11,54,15,11,133,18,11,783,-43,12,730,14,-3,-1,3,1,37,13,1,-3,-3,0,171,12,1,-1,-2,1,238,12,-2,1,2,1,327,12,2,-1,-4,-2
4971,199,5,730,-47,13,293,-21,11,50,25,11,148,34,11,781,-43,12,730,14,-3,-1,1,-3,37,13,0,2,2,-1,260,12,2,2,0,-4,327,12,-2,1,2,3,193,11,1,-2,-2,2
4995,200,5,730,-41,13,284,-21,11,54,6,12,150,24,11,779,-43,12,730,15,-1,3,-5,-1,59,14,-3,-4,-1,-3,126,13,4,1,1,1,238,12,0,-2,1,1,327,11,0,1,2,2
5020,201,5,730,-42,13,275,57,11,59,2,12,150,20,11,777,-43,12,730,14,-1,2,3,-2,59,14,1,0,2,5,126,12,-1,0,-2,-1,238,12,-1,2,2,1,462,11,-2,-1,0,3
5045,202,5,730,-41,14,255,45,11,56,12,12,161,27,11,324,28,11,59,14,2,3,1,-3,730,14,1,2,-3,0,126,12,-2,-1,-1,1,260,11,1,1,-2,-2,305,11,-1,2,2,-3
5070,203,5,732,-42,14,54,8,12,246,37,11,161,28,11,775,-43,13,752,14,-1,3,-2,-2,59,14,0,-1,-1,-1,126,12,1,1,0,1,238,12,2,1,3,0,171,11,-1,-2,-1,-1
5095,204,5,732,-42,13,59,0,13,231,33,11,175,29,11,775,-43,13,730,13,1,2,1,-1,126,13,-3,-2,0,-3,506,12,-2,2,-1,-2,171,11,2,-1,2,1,260,11,-1,-1,-2,1
5121,205,5,732,-42,13,52,-4,13,211,41,11,177,26,11,775,-47,13,14,16,-4,-2,-3,-4,730,14,-3,-2,2,-1,126,14,3,2,-2,1,775,14,2,-3,0,2,171,12,-3,1,0,-2
5146,206,5,732,-43,13,50,-8,13,199,35,12,177,-38,11,775,-48,13,14,15,1,-2,1,3,730,14,1,-2,-2,0,126,14,-1,-2,1,2,775,14,1,2,-1,-1,171,13,3,1,-2,1
5170,207,5,734,-40,14,47,-6,14,188,46,12,177,-39,12,775,-48,13,14,15,2,1,0,-1,752,14,2,2,3,1,126,13,-2,0,-1,-1,171,13,-1,-2,1,-2,327,12,-1,-1,-1,-3
5196,208,5,738,-33,13,50,-4,14,177,15,12,177,-28,12,316,20,11,59,16,-1,-5,-2,-3,126,13,2,1,3,1,775,13,-2,-1,-2,-5,171,12,0,1,-1,4,327,12,-1,1,1,2
5221,209,5,738,-33,13,47,0,14,157,6,12,170,-22,12,316,20,11,14,16,2,3,4,-1,59,16,-2,2,1,4,730,14,4,0,0,2,775,14,1,3,-1,0,126,13,1,0,-3,0
5246,210,5,736,-39,13,43,2,14,139,9,13,170,-22,12,316,20,11,14,15,-1,-1,-2,0,59,15,1,-1,-1,-2,708,14,1,-3,0,1,775,14,1,3,-2,-1,641,12,-2,2,1,2
5270,211,5,734,-32,13,38,6,14,121,6,13,170,-22,12,775,-49,13,14,15,2,-1,1,-2,59,14,1,1,3,1,708,14,1,2,-2,1,775,14,-2,-1,0,-2,618,12,-2,-1,-2,-1
5296,212,5,732,-32,13,34,1,14,114,3,13,161,-30,12,775,-47,13,14,14,-1,2,-2,2,708,14,-2,-1,3,-3,775,14,2,0,2,2,59,13,-1,0,-3,-1,171,13,2,-2,2,2
5321,213,5,732,-31,13,29,0,14,97,3,13,166,-31,12,775,-47,13,14,14,1,-1,3,-1,752,13,1,-2,-1,1,59,13,-1,0,2,2,171,12,-1,1,0,0,641,12,2,1,3,-1
5346,214,5,734,-27,13,18,2,15,85,5,13,157,-34,12,766,-38,13,14,14,-2,2,-2,2,752,14,3,1,1,2,685,13,-2,-1,-1,-2,59,13,-2,0,-2,-1,171,12,2,0,-1,1
5371,215,5,736,-22,13,18,6,14,79,3,13,157,-32,12,752,-33,13,14,13,0,-2,1,-3,59,13,3,0,3,2,752,13,-1,-1,-1,-1,171,11,0,0,-1,-3,641,11,0,0,-1,0
5395,216,5,738,-20,13,29,7,14,72,2,13,157,-21,12,739,-30,13,59,13,-2,-1,-1,-2,752,13,-1,2,-2,2,171,11,-2,1,-1,1,126,11,2,1,1,1,641,11,1,-1,-1,-1
5420,217,5,738,-25,13,40,7,13,65,5,13,168,-32,12,725,-30,13,59,13,1,-2,-2,0,752,12,0,1,1,-1,327,12,0,3,-1,1,283,11,3,-1,-1,2,171,11,-1,0,1,1
5445,218,5,738,-26,13,56,2,13,52,4,13,173,-32,12,712,-30,12,37,12,1,1,-2,3,327,12,-1,-2,1,-1,775,11,1,-1,1,-3,171,11,2,1,1,1,216,11,0,2,-1,2
5471,219,5,741,-22,12,56,-1,13,67,-2,12,182,-32,11,699,-30,12,59,12,2,-1,0,-2,327,12,-1,1,-2,0,171,11,-2,-1,0,-1,417,11,-2,-1,-1,-2,752,11,1,1,0,3
5510,220,5,745,-22,12,56,2,12,83,-6,12,191,-28,11,685,-30,12,59,13,-1,3,2,2,171,13,3,2,-1,1,216,12,-2,2,-1,-1,327,12,2,-1,3,-1,283,11,-1,-2,0,-2
5520,221,5,749,-22,12,56,3,12,99,-12,12,191,-34,11,672,-30,11,59,13,1,-2,-2,2,171,13,-1,-2,3,-2,126,13,-2,2,0,-3,216,12,2,0,1,2,283,11,0,2,1,1
5544,222,5,754,-22,12,68,3,12,110,-14,12,195,-28,11,658,-30,11,171,14,-3,1,-3,1,126,13,2,2,-1,3,59,13,-1,-2,3,-2,216,13,-2,-2,-1,-2,283,12,2,-2,3,1
5584,223,5,754,-22,11,65,-2,13,117,-17,12,195,-28,11,645,-30,11,37,14,1,4,-1,1,81,13,-3,0,1,-1,171,13,-1,1,0,0,126,12,0,-1,2,1,305,12,-2,-1,-3,-2
5594,224,5,754,-22,11,61,6,13,132,-20,12,206,-29,11,309,-11,12,14,15,-4,-1,1,2,171,13,3,0,1,0,283,12,-1,-2,1,1,327,12,2,1,-1,0,238,12,-1,2,1,-2
5619,225,5,754,-22,11,56,24,13,148,-24,12,220,-29,11,309,-11,12,14,15,3,-2,-2,-3,171,14,-3,-1,1,-2,305,12,-2,2,-1,-1,126,12,-1,2,-2,1,573,11,-1,1,-1,2
5645,226,5,752,-21,11,52,31,13,153,-23,12,231,-24,12,298,-13,11,14,16,-4,-1,1,1,171,13,1,1,2,4,283,12,1,-2,1,-4,730,12,3,-2,-2,3,216,11,-1,1,-3,3
5670,227,5,749,-21,11,47,48,14,157,-22,12,231,-19,12,287,-11,11,14,17,5,3,-3,1,171,13,1,-2,-1,-2,283,11,0,1,-1,0,216,11,1,1,2,1,327,11,1,1,1,0
5695,228,5,745,-33,11,45,42,14,157,-21,12,238,-19,12,276,-11,11,14,17,1,-3,4,-1,730,14,5,-1,1,3,685,13,-1,-4,3,0,171,13,-1,1,-1,2,573,11,1,-2,1,-2
5720,229,5,743,-39,12,41,35,15,146,-19,13,233,-24,12,264,-11,11,14,17,-3,2,0,2,730,16,-3,-4,2,1,59,16,-2,-2,-1,0,685,14,-3,1,1,-2,171,12,1,0,-1,0
5745,230,5,741,-44,12,36,-53,15,135,-17,13,229,-20,12,253,-7,11,14,16,-1,-1,1,-3,730,16,2,2,0,-2,59,15,1,-1,3,1,171,11,0,-1,0,-2,216,10,1,0,2,-1
5769,231,5,738,-46,12,36,-22,15,132,-9,13,238,-4,11,253,-7,11,730,15,1,-2,-1,4,59,14,-1,0,-1,-3,775,14,2,2,-3,-1,149,11,-2,1,-2,3,216,11,2,-1,1,-2
5794,232,5,736,-48,13,25,-47,15,135,-9,13,238,-4,11,247,-7,11,730,15,-3,-1,2,-2,59,14,1,1,-2,1,417,11,2,-1,-2,-1,529,11,-2,-2,-1,1,462,11,0,2,2,0
5820,233,5,734,-51,13,29,69,15,139,10,13,242,-4,11,238,-7,10,730,15,-3,1,1,-2,81,15,-4,2,3,2,126,13,-2,-3,-3,3,529,11,2,1,1,-1,484,11,1,-2,-2,-2
5844,234,5,732,-54,14,36,69,15,135,10,13,236,-4,11,227,-7,10,81,15,3,-2,0,1,730,15,1,1,-3,-1,775,14,-2,-1,1,-3,551,12,-2,-2,-2,-3,350,11,-3,1,-2,0
5869,235,5,730,-53,14,43,-53,15,135,19,13,227,-4,11,216,-7,10,81,15,-2,1,1,-2,730,14,1,-2,4,4,775,14,3,1,-2,3,171,12,-2,0,-3,2,551,12,1,2,0,1
5894,236,5,730,-50,14,49,-44,15,135,21,12,220,-4,11,216,-7,10,81,14,2,-1,1,1,730,14,-1,-1,0,-1,775,13,-1,0,-1,-1,171,12,1,1,1,0,551,11,0,0,-1,0
5919,237,5,734,-43,14,56,-30,15,130,20,12,209,10,11,216,-7,10,81,14,-1,-2,1,-1,775,14,3,-1,2,2,126,12,3,0,1,0,171,12,1,2,1,1,350,11,2,-1,0,-3
5944,238,5,739,-48,14,63,-47,14,126,20,12,198,12,11,216,-7,10,775,15,-2,-3,1,2,730,14,-3,1,2,-1,81,14,0,2,-2,1,126,12,-2,-1,0,-1,171,12,1,-2,-1,-1
5969,239,5,743,-42,14,69,-48,14,132,21,12,198,12,11,730,-42,13,775,15,2,3,-2,1,730,14,3,-1,1,3,81,13,0,2,-1,-1,126,12,-1,1,0,-1,171,12,-1,-1,1,0
5994,240,5,748,-40,14,69,-52,14,135,20,12,198,11,11,732,-40,13,14,15,-1,2,-1,0,775,14,1,-1,-1,0,708,14,-2,-2,1,1,81,13,1,-2,2,-1,171,11,-1,1,-2,1
6019,241,5,748,-41,14,67,-65,14,128,23,12,193,10,11,741,-38,13,730,15,-1,-4,4,1,775,14,3,0,-1,3,37,14,-1,1,2,-1,81,13,-1,1,1,2,171,12,2,-2,1,-2
6044,242,5,745,-42,14,65,-65,14,130,22,12,180,11,11,750,-38,13,708,15,-1,3,-1,-2,37,13,-1,-2,-2,0,171,13,-2,3,-1,2,81,13,2,-2,0,-2,238,11,-1,-3,1,-2
6069,243,5,745,-39,14,61,-32,14,135,12,12,168,9,11,759,-35,13,37,14,1,-3,1,-1,730,14,1,1,-1,3,775,14,-1,0,0,-1,171,13,0,-1,2,-1,104,12,-1,2,-1,0
6094,244,5,745,-38,14,56,-34,14,139,1,12,171,8,11,759,-35,13,37,14,2,2,-4,2,730,14,-2,1,-1,-4,171,12,-1,1,-2,4,238,11,1,-2,0,-4,350,11,-2,1,-2,3
6119,245,5,748,-40,14,52,-33,13,146,-5,12,166,5,11,759,-35,13,37,14,0,-3,4,1,752,13,-2,1,2,-2,238,12,0,3,-3,4,305,12,-1,-3,-1,-3,171,12,1,-2,3,-3
6143,246,5,748,-39,14,47,-34,14,146,-5,12,168,3,11,759,-35,13,37,15,3,3,1,-1,730,13,-1,2,0,1,171,12,1,-1,-2,1,238,12,-1,0,1,-1,305,11,0,0,0,0
6169,247,5,743,-40,14,43,-34,14,150,-8,12,175,4,11,759,-35,14,730,14,-3,2,-2,-2,171,11,-1,-1,1,-3,238,11,1,1,3,0,305,11,-1,1,-2,2,462,11,1,-1,0,-2
6194,248,5,739,-41,14,50,-29,13,161,-3,12,188,5,11,775,-32,13,730,14,-1,2,-1,-2,149,11,2,1,2,4,238,11,-1,-2,-4,-2,305,11,2,1,3,-1,887,11,2,-2,3,0
6219,249,5,732,-43,14,57,-19,13,173,-1,12,202,6,11,777,-34,13,708,14,1,3,-1,-1,752,13,-2,1,1,-1,149,12,-2,1,-3,1,238,11,1,0,4,-1,305,11,-1,0,-2,3
6243,250,5,725,-42,13,70,-8,13,188,3,11,215,10,11,781,-34,13,708,13,1,1,-3,-2,149,13,3,-1,2,-3,439,12,1,-3,-1,-1,238,11,-2,1,0,4,305,10,1,-1,-3,-3
6268,251,5,723,-38,13,81,-3,13,202,6,11,229,10,11,779,-34,13,708,13,2,0,2,3,149,13,-2,0,1,3,752,13,1,2,-4,2,216,11,2,-1,-5,-1,462,11,-2,1,1,-1
6293,252,5,723,-35,13,777,-34,13,84,-9,13,200,9,11,242,16,11,59,13,-2,1,-1,-1,708,12,1,1,-1,-1,149,12,1,-1,-1,-3,752,12,-1,0,2,-2,216,11,-1,1,4,0
6318,253,5,718,-39,13,774,-35,13,92,-11,13,211,9,11,253,16,11,685,13,3,-2,0,2,126,13,0,3,-2,2,752,13,-2,2,-2,-3,59,12,1,-1,3,2,283,11,0,-2,0,-3
6343,254,5,716,-40,13,772,-36,13,95,0,13,206,12,11,258,21,11,708,13,1,-3,1,1,752,13,3,0,-1,2,59,13,2,-2,1,-2,126,12,-1,1,3,2,283,11,1,2,2,2
6368,255,5,712,-35,13,770,-36,12,97,4,13,195,21,11,269,27,10,59,14,-3,1,-3,1,126,13,1,-3,-2,-3,708,13,1,-1,2,1,752,12,1,0,1,2,283,11,-1,-1,1,-1
6393,256,5,712,-41,13,772,-37,12,99,2,13,191,19,11,273,25,10,59,13,1,1,2,0,730,13,-1,-3,3,2,126,12,0,1,-1,1,797,11,1,-1,-2,-1,283,11,-1,1,-1,1
6418,257,5,712,-46,13,763,-34,12,101,2,12,186,22,11,278,25,10,730,15,3,-3,0,2,685,14,-3,-3,1,-2,126,13,-3,1,1,1,59,13,2,1,1,-2,797,12,1,3,0,-1
6443,258,5,712,-44,13,743,-39,12,90,6,12,175,24,11,276,25,10,730,14,1,0,1,2,685,13,0,-1,1,1,37,12,-1,-1,1,2,126,12,0,-1,-2,-2,81,12,-1,0,-3,2
6468,259,5,712,-42,13,736,-39,12,92,5,13,155,25,12,278,23,10,37,13,-1,3,-1,0,708,13,2,-2,-1,1,171,13,-1,3,-2,3,327,11,1,2,2,2,372,10,-1,0,0,2
6492,260,5,712,-43,13,736,-37,12,94,1,12,135,25,12,269,18,10,37,13,0,-2,-1,-1,708,13,-1,1,1,1,752,13,-2,-1,0,1,171,12,0,-1,1,1,216,11,1,1,1,1
6517,261,5,716,-49,13,732,-38,12,97,1,12,130,15,12,262,4,11,752,13,1,-2,0,0,171,12,-1,-2,2,-1,708,12,-1,1,1,-1,238,12,3,1,-2,2,283,12,1,3,-3,-2
6543,262,5,721,-50,13,727,-37,12,115,-2,12,121,-4,12,265,4,11,59,13,1,3,-5,1,484,13,3,2,2,1,752,12,-1,-1,2,1,708,12,-1,-1,1,-1,238,11,-1,-1,2,-1
6568,263,5,727,-47,13,723,-37,12,94,14,12,110,3,12,267,-17,11,14,13,2,-1,-2,-4,484,13,-1,-2,-4,-1,81,12,1,1,4,1,752,12,2,0,2,0,238,12,-1,-2,1,-2
6593,264,5,732,-50,13,718,-37,12,128,0,12,90,7,12,253,-19,11,238,12,-2,2,-5,3,484,12,0,1,2,1,752,12,-2,1,1,-2,81,11,0,-1,-2,-1,149,11,1,-2,2,-2
6617,265,5,736,-48,12,714,-37,12,146,1,12,79,-7,12,258,-17,11,238,13,3,-1,3,-2,14,12,-1,1,-1,3,327,12,-3,1,-1,0,752,12,-2,-1,-2,-1,59,12,-2,-1,0,-2
6642,266,5,738,-46,12,705,-37,12,164,-1,12,262,-21,11,67,14,12,238,13,-1,-1,1,-1,14,12,2,1,2,-3,327,12,2,0,-2,1,59,12,-1,2,2,2,752,12,-1,1,2,0
6667,267,5,732,-11,12,712,-41,12,182,-2,12,269,-20,11,61,4,12,238,12,-1,1,0,2,350,12,1,2,1,1,59,11,1,-1,-2,2,663,11,0,2,0,1,752,11,-1,-1,1,0
6692,268,5,725,-11,12,718,-41,12,202,-3,12,271,-18,11,50,7,12,14,13,2,-3,0,-4,59,12,2,2,3,0,238,12,2,1,1,2,305,12,-2,2,-3,1,350,12,-2,-1,0,-3
6718,269,5,729,-11,11,725,-41,11,269,-25,11,208,-2,12,47,5,12,14,13,-1,2,-3,1,238,11,1,0,-1,-2,305,11,-1,-1,2,1,350,11,0,0,-1,1,752,11,1,-1,3,1
6742,270,5,734,-24,11,721,-38,11,222,-1,12,271,-25,11,45,5,12,305,12,2,-1,1,-1,238,11,-2,0,-1,-1,350,11,2,1,0,2,752,11,-1,2,-3,-2,708,11,2,1,-2,2
6766,271,5,734,-24,11,721,-38,11,235,0,12,271,-18,11,34,2,12,305,12,-2,-1,-1,1,59,11,2,0,1,0,104,11,2,2,-1,1,238,11,1,1,2,1,350,11,-1,-1,-2,-2
6792,272,5,729,-23,11,242,3,12,271,-8,11,34,13,12,721,-38,11,305,12,2,1,1,-1,59,11,0,-2,-4,-2,238,11,0,-2,-1,-2,708,11,1,-2,-1,-1,104,11,1,-1,2,-2
6817,273,5,725,-23,11,264,1,12,271,-5,11,38,8,11,721,-38,11,305,12,1,1,-2,0,59,11,-1,2,-1,3,238,11,-2,-1,0,1,104,11,-1,-2,-3,-1,193,11,-1,2,2,1
6842,274,5,721,-18,11,271,2,12,275,-15,11,36,4,11,721,-38,11,305,12,0,-2,2,-1,193,11,2,-1,-2,3,59,11,-1,-1,4,-3,238,11,1,1,-2,-2,708,11,-1,1,2,-2
6866,275,5,716,-18,11,267,-11,12,273,-12,11,36,4,11,721,-38,11,14,13,-2,-3,2,2,59,13,3,-2,-2,1,193,12,-2,-2,1,-4,305,12,-1,2,-1,2,104,12,2,2,-1,1
6891,276,5,712,-18,11,264,-12,12,271,-11,11,41,0,12,72,15,11,59,14,-1,3,0,2,14,13,2,1,0,-1,216,13,2,3,-1,3,104,13,-3,-1,-3,-1,305,11,-1,-1,2,-3
6916,277,5,716,-18,11,262,-16,12,36,1,12,267,-16,11,72,11,11,14,14,1,3,1,2,59,13,-2,1,-2,-1,104,13,-1,-2,2,-2,216,13,-2,0,1,-1,305,11,1,-1,-2,1
6942,278,5,721,-26,11,260,-18,12,36,-1,12,267,-19,11,72,9,12,14,14,-2,-3,-1,-1,59,13,2,-1,1,-1,216,12,1,1,-1,1,708,11,2,1,1,-1,305,11,-1,-1,-2,1
6967,279,5,716,-26,11,258,-16,12,36,-1,12,262,-8,11,77,0,12,14,14,-1,2,-2,0,260,14,4,-2,3,0,104,14,3,-2,4,1,216,13,-2,-3,0,-3,149,12,1,2,-2,4
6991,280,5,712,-26,11,249,-17,12,45,2,12,264,-7,11,77,-1,12,104,14,-2,1,-1,2,260,13,0,0,0,1,59,13,1,2,2,1,216,13,0,1,2,1,149,12,-1,-1,-1,-3
7016,281,5,240,-19,12,50,3,12,266,-12,11,72,1,12,708,-26,11,104,13,1,0,-1,-1,260,13,-2,1,-1,-1,59,13,0,-2,-1,1,216,12,1,1,-1,1,305,12,-1,-2,1,-2
7041,282,5,220,-19,12,54,3,13,262,-11,11,68,1,12,708,18,11,708,13,3,-3,1,-1,104,12,1,1,1,0,193,12,-2,-2,-2,-1,260,12,1,1,-1,-2,752,12,2,3,1,-1
7066,283,5,209,-16,12,59,-2,13,264,-9,12,63,1,12,708,22,11,708,13,-1,-1,-1,3,193,12,2,1,2,0,752,12,-1,-2,-3,1,104,12,-1,1,-2,1,260,12,-1,1,2,2
7091,284,5,189,-14,12,54,6,13,271,-9,12,59,-4,13,708,27,11,14,13,1,3,4,3,59,13,-2,3,-3,3,708,12,-1,-1,1,3,752,12,2,0,-3,-1,104,12,0,-2,0,-1
7115,285,5,175,-13,12,54,7,13,266,-9,12,65,-1,12,708,23,11,14,13,-1,-2,-1,0,59,13,1,-2,0,1,126,11,2,1,-2,-3,708,11,0,-1,2,-3,752,11,0,1,3,2
7141,286,5,159,-10,12,50,9,13,255,11,12,74,-3,12,708,23,11,14,14,1,3,1,-1,59,13,-2,0,0,0,193,11,1,-2,-1,-1,104,11,-1,1,0,0,305,11,-1,2,-2,5
7166,287,5,144,0,12,50,9,13,251,6,12,88,0,12,249,-10,11,59,12,1,-1,-1,-5,260,12,1,-3,1,-2,305,12,3,0,1,0,193,12,-2,1,-2,1,708,11,1,2,-3,1
7191,288,5,124,-10,12,50,9,13,246,1,12,101,0,12,710,21,11,730,13,1,4,1,-1,14,13,-1,-2,5,0,260,13,-2,2,-2,0,305,12,-1,-2,1,-3,193,12,2,1,2,0
7216,289,5,103,-19,12,50,9,13,246,9,12,110,10,12,712,32,11,730,13,1,1,-3,-1,260,13,2,-1,-1,1,14,12,1,1,-2,-1,193,12,-2,-1,-1,-1,305,11,0,1,-2,1
7240,290,5,83,-22,12,41,9,13,246,9,12,123,6,12,714,6,12,730,13,2,2,1,1,260,12,1,1,3,1,14,12,0,-1,1,-2,193,12,-1,-1,-2,-3,305,10,0,0,2,2
7265,291,5,63,-19,12,716,0,12,32,9,13,244,9,12,137,6,12,730,13,-1,0,-3,2,238,12,-1,3,-1,0,663,12,-1,2,3,1,193,12,1,2,3,2,14,11,-1,0,1,1
7291,292,5,54,-30,12,719,-15,12,23,9,13,248,10,12,150,5,11,730,13,1,-2,2,-1,663,12,-2,-1,-1,-2,238,12,1,-1,0,0,14,11,1,2,-2,1,193,11,-1,-1,-1,1
7315,293,5,38,-25,12,714,-17,12,14,9,13,237,3,12,168,4,11,37,15,2,-5,3,-1,663,13,0,3,-1,1,730,13,-1,-2,1,-1,149,11,-3,1,-1,0,238,11,0,-1,-1,0
7341,294,5,32,-25,12,710,-13,12,244,-5,11,179,8,11,14,9,13,663,12,1,1,1,-1,730,12,-1,0,0,2,327,11,-1,2,-2,0,171,11,1,1,-1,2,260,10,2,0,1,-1
7365,295,5,29,-25,12,705,-11,12,249,-12,12,190,10,11,14,9,14,37,15,-2,-2,3,-1,305,14,3,-3,0,1,238,13,-4,0,1,2,663,12,-1,0,-3,0,730,11,1,-1,2,-2
7390,296,5,27,-27,13,701,-14,12,255,-12,12,211,18,11,302,4,10,37,16,-1,4,-3,-1,260,14,2,3,1,-3,305,13,-2,1,4,1,372,11,1,-2,-3,1,663,11,1,0,-1,1
7415,297,5,25,-28,13,696,-14,12,255,-32,12,222,25,12,309,19,10,37,16,2,-3,-1,1,81,15,3,2,-1,-1,260,13,-1,-2,-1,1,305,13,1,-1,-3,-1,372,11,-1,1,2,-1
7440,298,5,27,-25,13,694,-10,12,255,-32,12,233,26,12,316,19,10,37,15,0,-1,1,-2,260,13,1,1,1,3,305,12,-1,1,-1,2,797,12,-3,-1,-1,1,708,11,2,1,1,2
7466,299,5,30,-23,14,692,-8,12,260,20,12,240,30,12,732,7,11,37,15,-1,2,-1,1,260,13,-1,-2,1,0,305,13,2,-2,-1,-1,708,11,0,-2,2,-3,797,11,1,0,0,2
7490,300,5,32,-24,14,692,-6,11,255,56,12,251,36,12,736,7,11,37,14,2,-1,1,2,216,13,2,-3,-2,1,305,13,-1,2,1,0,260,12,1,1,1,-1,730,12,-3,-1,-2,0
7515,301,5,34,-25,14,692,-6,11,253,42,12,262,36,12,750,7,11,216,15,-2,4,1,1,37,14,-2,2,-2,-2,81,14,-2,-2,2,-3,305,13,2,-2,2,-2,149,13,4,0,-1,1
7540,302,5,37,-24,14,689,-7,11,251,37,13,273,20,12,763,7,11,216,15,2,-2,1,-1,37,14,-1,-2,2,3,305,14,-2,2,-4,1,708,13,0,3,-2,1,81,13,1,0,-3,2
7565,303,5,37,-27,14,267,37,13,694,-8,11,271,19,12,770,7,11,216,14,-1,-1,1,1,37,13,1,1,2,-2,708,13,2,1,-1,1,305,13,1,0,2,-1,104,12,1,-1,1,2
7590,304,5,34,-34,14,264,38,13,698,-13,12,276,22,13,304,48,11,216,14,-1,2,-1,-1,708,14,3,1,-2,0,14,13,-2,-2,-1,2,305,12,0,-1,-1,0,104,12,-1,1,-2,-1
7614,305,5,34,-31,14,703,-16,12,264,38,13,273,3,13,304,48,11,216,13,1,-1,1,-1,37,13,-1,2,-1,-1,708,13,-1,1,-1,-1,797,12,2,-1,1,1,104,11,-1,-1,1,0
7640,306,5,34,40,14,707,-15,12,273,31,13,264,-3,13,790,-15,11,37,14,-1,-3,-3,2,708,13,-1,2,-2,1,216,12,-1,0,-3,0,350,12,-3,1,1,0,395,12,1,-3,2,1
7665,307,5,34,40,13,712,-17,12,287,35,13,269,-6,13,797,-15,11,37,14,2,2,1,-2,708,13,-2,-2,2,-2,350,12,2,0,-2,0,395,12,0,2,-1,-2,216,12,-1,1,0,1
7690,308,5,34,40,13,712,-17,12,296,38,12,260,-8,12,797,-15,11,37,14,-1,-2,0,-1,708,13,-1,-1,-1,2,216,11,1,-1,3,-1,350,11,0,-1,1,-2,395,11,1,0,2,0
7715,309,5,34,44,13,712,-24,12,305,21,12,256,-6,12,797,-15,11,37,14,2,2,0,1,708,12,-1,-1,4,-2,216,12,2,-1,-3,1,395,12,-2,-1,-4,-2,81,11,-1,2,-1,-2
7739,310,5,34,36,13,710,-29,12,323,5,12,247,-6,12,797,-15,11,37,13,1,0,2,2,708,12,-1,-1,0,-1,81,11,-2,0,-2,2,216,11,0,1,2,-1,395,11,1,0,3,2
7764,311,5,34,29,13,708,-38,12,341,5,12,238,-7,12,94,-28,11,37,12,-1,-1,-1,-3,708,12,-2,-1,1,2,81,11,2,0,4,-1,216,11,-1,-2,-1,-2,126,11,0,2,2,3
7789,312,5,34,29,13,710,-33,12,356,-10,11,220,7,12,106,5,11,126,13,4,-1,1,-3,193,13,-2,3,2,2,730,13,2,-3,1,-2,238,12,-3,-1,-1,2,372,11,2,1,-1,2
7814,313,5,39,16,13,714,-36,12,213,3,12,363,-10,11,114,9,11,149,14,-1,-3,1,-1,81,13,-1,3,-1,0,193,13,2,-1,1,-1,752,13,3,2,-2,1,238,12,2,0,0,1
7838,314,5,52,-4,13,719,-30,12,200,-2,12,370,-10,11,123,16,11,81,14,1,-3,3,1,149,13,1,1,-2,2,193,13,1,2,-1,-1,752,12,1,-1,-1,1,238,12,-2,1,-1,-1
7863,315,5,57,-7,13,723,-29,12,197,-2,12,376,-10,11,128,9,11,193,14,-1,-3,0,1,81,13,1,2,-2,2,149,13,-2,-1,1,-2,238,12,2,0,-1,-1,752,12,0,1,-1,1
7889,316,5,72,-15,13,725,-30,12,182,-9,12,379,-10,11,132,3,12,59,14,-3,-1,-1,-3,193,13,-1,2,-1,1,149,13,2,1,2,2,730,13,3,0,1,3,238,12,-2,0,-1,-1
7914,317,5,88,-16,13,727,-28,12,153,-6,12,365,-19,11,135,-1,12,59,13,0,1,2,2,193,13,0,-2,2,-2,126,13,-2,1,-4,-1,730,13,1,-2,-2,-1,260,12,2,2,0,2
7939,318,5,99,-15,12,730,-28,12,150,-5,12,356,-18,11,130,-3,12,193,13,2,2,1,1,149,13,2,-2,-1,-1,59,13,1,2,-2,-1,260,12,-2,-1,-2,0,14,12,2,-2,1,2
7963,319,5,110,-16,12,732,-28,12,148,0,13,128,0,12,343,-21,11,193,13,-1,-2,-2,1,149,12,-1,0,2,1,14,12,-2,1,0,1,59,12,-1,0,0,1,260,12,2,0,1,-1
7988,320,5,126,-17,12,734,-28,12,132,0,13,135,0,12,329,-21,11,59,13,2,-2,1,-3,193,13,0,1,-4,2,149,12,0,2,1,4,14,12,1,-1,-2,-2,104,12,2,1,5,-1
8014,321,5,128,-18,12,727,5,12,130,0,13,141,-3,12,316,-21,11,193,12,0,-2,1,-3,59,12,1,-1,3,0,149,12,-2,0,-3,-1,641,12,1,-2,1,-2,14,11,-1,0,1,-2
8039,322,5,139,-14,12,718,5,12,123,-3,13,124,-5,12,298,-14,11,59,13,-3,-1,-3,1,149,13,3,0,1,-2,14,12,-1,3,1,3,193,12,-1,2,1,1,395,12,2,2,-1,3
8063,323,5,146,-12,12,707,5,12,114,-7,13,106,-14,12,282,-14,11,14,16,4,-4,2,2,59,15,3,3,-1,3,149,13,-2,-1,-1,-2,216,12,1,-2,3,1,350,11,-1,2,-1,-3
8088,324,5,150,-16,12,710,4,12,108,-6,13,88,-14,13,269,-16,11,14,15,-2,2,-2,-2,193,13,3,1,-1,3,238,12,-1,3,-2,-1,283,12,-3,0,1,-1,775,11,2,-1,3,1
8113,325,5,148,-8,13,712,4,12,90,-6,13,88,-16,13,251,-10,12,14,15,2,2,2,4,59,15,-3,2,-2,2,193,13,-1,2,1,1,238,13,-2,-2,-3,0,149,12,2,-1,0,-1
8138,326,5,130,-5,13,716,4,12,90,-3,13,88,-15,13,233,-13,12,59,17,4,-4,4,-3,14,16,-3,-3,-4,-5,149,14,-3,3,-3,1,193,14,-3,-2,1,-3,238,13,2,-1,4,1
8163,327,5,128,-7,13,721,0,11,90,-4,14,90,-15,13,231,-14,12,59,16,-1,1,-3,1,171,15,4,0,2,3,238,13,-2,1,-1,-1,305,11,1,-2,0,0,775,11,-1,-1,0,0
8188,328,5,119,-7,13,72,-3,14,725,0,11,103,-13,13,228,-22,12,14,15,3,0,-1,-2,59,15,-1,1,3,1,193,15,-2,-3,1,-2,238,15,4,-2,0,1,305,12,-2,2,1,-1
8213,329,5,126,-12,14,54,-3,14,103,-13,13,728,-5,11,233,-26,12,216,15,1,4,-3,-2,14,15,-2,-1,-1,2,59,15,2,-1,-2,-1,305,12,1,-2,2,1,752,11,1,1,0,-2
8238,330,5,128,-12,14,49,-3,14,94,-15,14,730,-7,11,237,-28,12,216,15,-1,-2,1,1,14,14,1,-1,2,-4,59,14,0,1,3,-1,305,12,0,2,-2,0,752,10,0,-1,-3,4
8263,331,5,144,-7,14,32,-1,14,88,-13,14,242,-27,12,734,-6,11,216,15,-2,2,1,4,14,14,-2,2,-1,3,81,14,-2,-3,-2,-1,305,12,1,-1,-1,-4,685,10,-1,-1,0,5
8288,332,5,148,-10,14,27,-1,15,94,-15,14,253,-28,12,739,-2,10,193,15,-1,-3,0,-2,14,14,2,-2,-2,-2,81,14,1,3,2,0,305,11,-1,1,1,1,685,10,1,-1,-3,-1
8313,333,5,153,-9,14,29,4,14,94,-7,14,262,-24,12,750,-14,10,193,14,1,1,-1,-2,81,14,-1,-1,0,4,14,13,0,1,3,-2,752,12,-1,3,-2,1,305,11,1,1,1,4
8337,334,5,146,-10,14,29,7,14,94,-7,13,260,-22,12,747,-11,10,126,13,-2,-2,3,-3,14,13,-1,1,0,3,216,13,1,0,0,3,752,11,0,1,-1,1,305,10,0,0,-1,-3
8362,335,5,170,-14,14,38,7,14,81,4,13,262,-22,12,745,-19,10,104,15,3,3,-1,2,14,13,0,-2,-1,1,752,11,-1,-1,1,-5,305,10,-2,-1,1,2,819,9,1,1,1,2
8388,336,5,191,-30,13,43,16,14,67,9,13,273,-24,12,741,-19,10,104,15,1,-3,0,-1,14,13,-2,2,-1,-1,216,12,-2,1,-2,1,730,11,-2,2,0,-1,305,11,2,-1,0,0
8412,337,5,204,-30,13,45,19,14,54,9,13,734,-19,10,271,-24,12,81,15,-2,2,2,-2,708,12,1,3,-1,-1,305,11,-1,2,3,1,216,11,0,0,-2,-3,417,9,0,-1,-1,-1
8438,338,5,211,-28,13,52,11,14,38,45,13,725,-66,11,269,-24,11,81,14,1,1,-1,3,37,14,1,-3,2,2,126,14,-2,0,-3,-1,685,12,-1,2,-1,-3,730,12,-2,1,3,-2
8462,339,5,202,2,13,54,7,14,718,-39,11,40,49,13,260,-24,11,37,14,1,3,-1,-1,81,13,-1,1,0,-1,126,13,1,-1,2,0,685,13,-1,3,-2,2,752,12,-2,-2,2,-2
8487,340,5,193,0,12,56,9,14,711,-31,11,43,22,13,251,-24,11,37,13,-1,0,-2,2,81,13,0,-1,-1,-3,126,12,-1,-1,3,0,685,12,-1,-1,1,-2,752,12,0,-2,1,1
8512,341,5,179,-16,12,711,-25,11,59,12,14,47,-59,13,242,-24,11,37,13,1,0,2,-2,81,12,-1,0,1,2,126,12,1,1,-2,1,685,12,-1,1,-2,0,730,12,-1,-2,0,-1
8537,342,5,173,-32,12,711,-29,11,61,-19,14,52,-59,12,233,-21,11,37,14,-3,-3,1,0,126,12,2,1,-1,1,685,12,-2,0,3,-2,730,11,-1,-1,1,3,216,11,1,1,-1,-1
8563,343,5,161,-69,12,711,-32,11,56,-32,14,63,-64,12,224,-21,11,37,15,3,1,-2,-2,81,13,-1,3,3,-3,126,13,-3,0,2,3,752,13,3,-2,1,1,685,13,-3,0,0,-2
8587,344,5,157,62,12,711,-33,12,59,-46,14,74,-65,12,224,-21,11,37,14,-1,1,2,2,81,13,1,-2,-3,3,752,13,2,1,-1,1,126,12,1,0,-3,-3,887,11,1,-2,-1,1
8612,345,5,134,62,12,711,-36,12,52,-46,14,85,-65,12,231,21,11,37,13,0,1,-3,1,752,13,2,1,-1,2,81,13,-1,1,-2,-3,663,13,-2,-2,1,-1,283,12,2,-3,-2,-4
8637,346,5,125,48,12,711,-36,12,45,68,13,105,-65,12,229,21,11,730,14,3,3,-3,2,37,12,-1,1,4,1,126,12,-2,-2,-5,-1,216,12,2,2,3,1,81,12,-1,1,-1,5
8662,347,5,103,25,12,711,-36,12,41,48,13,117,44,12,229,21,11,708,15,4,1,-2,2,37,12,-1,-2,-2,-2,81,12,1,-2,2,-3,126,12,1,1,3,2,216,11,0,0,-2,-2
8686,348,5,714,-34,13,103,53,12,39,40,13,126,44,12,236,20,11,708,16,3,3,-3,-3,752,15,-3,2,3,-2,126,12,1,-2,0,0,59,12,-2,1,-2,0,283,11,1,-2,0,-1
8711,349,5,716,-36,13,39,13,13,103,53,12,137,20,12,242,20,11,708,17,-2,5,-3,-1,37,13,3,0,3,1,126,13,-2,2,-2,-2,193,11,-1,-2,1,-1,283,10,0,0,1,1
8737,350,5,721,-40,14,39,-6,13,103,46,12,148,30,11,249,21,11,730,18,-5,0,3,-4,37,13,-3,-1,-1,-4,126,12,0,1,3,1,193,11,1,-1,-1,3,283,11,0,2,-2,-2
8762,351,5,725,-42,14,39,-13,13,108,46,12,152,23,11,249,19,11,730,18,-3,-3,4,-1,37,13,1,-1,0,2,126,12,2,1,-1,1,171,11,-1,2,-2,0,216,11,-2,0,-1,-1
8787,352,5,730,-41,15,39,-10,12,108,27,12,157,22,11,249,16,11,730,18,-4,-4,3,-1,37,12,-1,1,-1,-1,126,12,-1,-2,-1,-1,171,11,1,-1,0,-2,216,10,0,-1,3,-2
8811,353,5,727,-44,16,112,4,12,39,-13,12,170,4,11,258,18,11,730,18,1,-4,3,5,37,12,2,0,0,3,126,12,1,2,2,-1,260,11,-2,1,1,-2,305,11,-1,-2,1,1
8836,354,5,725,-45,16,117,3,12,43,-9,12,188,1,11,262,18,10,730,19,4,-5,0,3,81,12,-3,1,1,3,126,12,-1,-2,-2,0,305,11,1,1,1,-1,260,10,1,0,-1,0
8861,355,5,721,-45,17,121,5,12,48,-7,12,206,0,11,260,15,10,708,19,3,-4,2,3,81,12,1,-2,0,0,126,12,1,1,-1,1,305,11,-1,2,0,2,260,10,1,1,1,-1
8887,356,5,721,-46,17,121,-4,12,48,-15,12,215,5,11,267,-38,10,730,18,4,0,-5,1,37,13,3,-2,1,2,305,12,1,-3,-2,-2,126,12,-2,0,0,-1,350,11,3,0,0,-1
8911,357,5,723,-47,17,48,-15,12,126,4,12,233,5,11,280,47,10,730,18,1,2,1,-1,126,12,2,1,2,-1,305,11,0,0,3,-3,350,11,-1,1,4,3,417,11,1,-2,-4,2
8936,358,5,725,-46,18,45,-15,12,126,4,12,251,0,11,294,36,10,730,18,1,4,-2,0,305,12,-1,2,-2,2,126,11,0,0,-1,1,417,11,2,1,2,-1,506,11,-2,-2,-2,-1
8960,359,5,727,-48,18,45,-15,12,117,20,12,262,1,11,307,35,10,730,17,-2,2,2,-2,37,13,1,1,0,-1,506,12,3,0,2,1,305,11,1,-1,1,1,417,11,-2,0,0,1
8986,360,5,727,-48,18,52,-36,12,108,19,12,273,2,11,320,35,10,730,17,-2,-2,1,0,37,13,2,0,-1,1,506,12,1,1,-1,-1,104,11,-2,1,-1,-2,305,11,-1,1,-2,1
9011,361,5,727,-48,17,293,8,11,99,37,12,349,24,10,59,-36,12,730,16,-1,-1,-1,-2,37,12,-1,1,1,-5,506,12,-2,0,-2,-1,372,11,1,2,2,1,551,11,0,-2,-1,-3
9036,362,5,727,-49,17,378,31,10,313,7,11,97,27,12,65,-36,12,730,15,-1,-1,3,4,193,11,-2,2,1,0,506,11,0,-1,2,2,104,11,0,-2,-2,-3,372,11,-1,-1,-2,-1
9061,363,5,727,-46,17,398,21,10,320,8,11,81,-34,11,94,22,11,730,15,2,-1,-2,1,506,11,-1,1,-3,1,104,10,-1,-1,1,0,193,10,0,1,-2,1,327,10,0,-1,1,2
9086,364,5,727,-38,16,423,21,11,322,8,11,83,-42,11,79,-34,11,730,14,1,-1,0,-2,663,14,-3,1,-2,1,14,13,-3,-2,3,-2,59,12,2,-2,1,2,104,11,1,2,-1,1
9111,365,5,730,-36,16,448,21,11,325,8,10,72,-58,12,77,-35,11,730,14,2,1,-2,2,14,13,2,-1,-2,-2,59,11,-1,1,2,0,171,10,0,1,1,-1,104,10,0,0,-1,1
9136,366,5,730,-33,15,472,5,11,329,-13,10,72,-68,11,79,-35,11,730,15,2,3,-1,1,350,11,-2,-1,1,-1,126,10,-2,1,1,-1,305,10,-1,2,-1,-1,596,10,-2,-1,1,0
9161,367,5,730,-34,15,497,5,10,329,-15,10,61,-53,12,86,-35,11,14,14,-2,-3,0,-1,730,14,0,1,-4,-2,104,11,2,-1,2,1,305,11,-1,-2,0,2,149,11,1,2,1,2
9185,368,5,723,-39,15,515,5,10,50,-57,12,334,-11,10,97,-35,11,663,15,4,-1,-1,-1,730,14,-1,3,2,-1,14,13,1,1,1,-1,149,11,0,-2,-1,0,350,11,1,2,1,4
9210,369,5,716,-32,14,533,5,10,47,-39,12,338,-11,10,108,-35,11,663,14,1,2,1,1,730,14,-3,0,0,-1,14,14,3,1,2,1,350,11,-1,-2,1,-2,417,11,2,2,1,3
9236,370,5,716,-21,14,551,5,10,45,-29,12,343,-25,10,112,-32,10,730,15,-1,-3,2,-3,14,14,-2,-1,-1,0,350,11,1,1,-4,-1,417,11,-1,-1,3,-2,149,10,-1,1,-1,1
9262,371,5,718,-27,14,568,-32,10,43,-24,12,340,-43,10,117,-19,10,14,14,2,2,-3,2,752,14,2,-1,2,4,685,13,-2,-1,2,-4,350,11,-2,-1,3,0,149,11,2,0,3,0
9287,372,5,718,-30,14,586,-32,10,34,-39,13,336,-46,10,121,-7,10,14,15,-3,-2,3,-1,730,14,-1,-2,1,1,327,11,2,-1,0,1,819,10,1,1,0,-1,149,10,-1,0,-4,0
9311,373,5,718,-33,14,25,-40,13,338,-44,10,113,-9,10,604,-32,11,14,14,2,0,-1,1,730,13,2,-1,-1,2,350,11,1,-1,0,-1,104,10,-2,1,1,-1,149,10,-1,-1,1,-1
9336,374,5,721,-35,14,25,-44,13,338,-38,10,122,23,10,622,-32,11,14,14,2,-2,-2,-2,752,14,1,3,-1,0,149,11,-3,0,1,3,104,11,1,2,3,1,327,10,1,-1,1,-1
9361,375,5,721,-33,14,25,-13,13,338,-36,10,122,19,11,640,-32,11,14,15,-1,4,1,3,59,14,-4,-1,-2,2,730,13,2,-1,-1,-3,149,13,3,-1,-1,-4,327,10,-1,1,1,1
9386,376,5,721,-27,13,14,-11,14,336,-36,10,122,10,11,645,-35,11,14,15,-1,-1,0,-6,59,14,2,-1,5,-1,149,13,0,3,-2,4,730,13,0,2,-1,3,641,12,1,-2,2,0
9410,377,5,721,-21,13,16,-17,14,119,10,11,338,-36,10,662,-34,11,37,16,4,3,-1,0,81,15,-2,4,-1,0,149,14,-1,-3,3,-2,730,12,-1,-1,-1,-1,775,11,0,-1,1,0
9435,378,5,727,-24,13,18,7,14,112,10,12,327,-47,10,144,0,11,37,17,-3,-4,-2,3,730,12,1,2,-1,-1,238,11,0,-2,2,0,439,11,-2,1,0,2,283,10,2,-1,1,2
9461,379,5,734,-27,13,20,41,15,112,4,12,316,-47,10,144,0,12,37,16,0,3,6,-2,149,14,3,1,-2,-1,730,13,-3,1,0,0,439,12,3,-1,-1,-2,484,11,1,2,1,0
9486,380,5,734,-37,13,23,51,15,112,4,12,304,-47,10,144,0,12,37,16,1,1,-4,2,149,13,0,-1,2,2,730,12,-1,0,1,-2,417,12,1,2,-3,0,663,12,2,-1,-2,-1
9511,381,5,732,-45,12,25,45,15,106,0,13,293,-47,10,144,-13,12,37,15,0,-2,1,1,81,15,2,3,0,3,149,13,-2,-2,-2,-2,417,13,-2,-2,1,3,730,12,-2,1,0,-2
9551,382,5,732,-36,12,25,36,15,99,0,13,289,-30,10,144,-13,12,14,16,2,5,0,0,417,13,2,0,2,-3,730,12,-1,-2,2,-1,283,12,2,2,-1,0,685,12,-2,1,-1,-2
9561,383,5,732,-32,12,25,37,15,97,0,14,282,-46,10,144,-13,13,14,17,-3,-3,-1,3,417,13,-2,2,1,2,283,12,-2,-2,1,2,730,12,-1,-1,2,0,372,11,2,2,0,-1
9585,384,5,730,-32,12,25,41,15,90,0,14,278,-53,11,423,-55,11,14,16,-2,2,2,-1,417,12,1,0,-3,2,283,12,1,1,0,-1,462,11,0,2,-1,-2,372,11,1,-1,3,3
9610,385,5,730,-32,12,25,49,16,92,0,14,273,-47,11,423,-62,11,14,16,2,-1,-2,-2,283,11,-1,-1,0,-1,417,11,-1,0,1,-2,462,11,0,-2,2,2,529,11,-1,2,-2,-1
9636,386,5,730,-32,12,25,51,16,92,-12,14,269,-37,11,414,2147483647,11,14,16,-2,-2,1,-1,59,15,3,-1,1,-1,126,13,0,2,0,2,283,12,2,1,2,1,327,11,-1,2,0,3
9661,387,5,730,-32,12,23,49,16,90,-12,14,253,-32,11,401,25,11,14,15,1,2,-1,0,59,15,-2,0,-1,-1,126,13,2,-1,1,0,171,12,3,0,1,2,283,12,-2,-1,-2,-1
9685,388,5,730,-32,12,20,56,15,88,-10,14,401,21,12,247,-31,11,14,15,-2,-2,1,3,59,14,0,-2,-1,0,126,12,-1,-1,0,0,417,12,1,-2,0,-2,171,11,-1,1,-1,0
9710,389,5,730,-32,12,18,73,15,79,-10,14,394,24,12,242,-28,11,14,16,4,2,-1,-1,193,11,-2,1,-1,0,417,11,-1,1,2,1,283,10,0,-1,0,-2,327,10,1,1,1,-1
9735,390,5,736,-39,11,16,73,15,70,-10,14,394,23,11,240,-29,11,14,16,-3,-1,2,-1,797,11,2,2,1,3,216,11,2,-1,0,1,417,10,0,-1,2,0,305,10,-1,1,-2,2
9760,391,5,743,-36,11,14,70,15,67,-10,14,394,17,11,238,-28,11,14,15,0,1,-2,3,216,10,-1,-1,0,0,797,10,0,-1,1,-2,417,10,1,1,-5,-2,998,10,1,-2,1,-1
9785,392,5,745,-37,11,14,62,15,65,-3,14,394,17,11,231,-22,11,14,14,1,0,3,-4,59,14,2,2,3,2,752,10,2,1,-1,1,797,10,-1,1,-2,1,216,10,0,1,2,-1
9809,393,5,747,-32,11,14,76,15,63,-1,14,385,-44,10,224,-12,11,14,14,-1,1,-1,2,59,13,-1,0,-1,-1,752,11,-1,-2,-1,-1,327,10,-1,2,-1,0,216,10,1,-1,0,-1
9835,394,5,750,-29,11,18,63,15,372,-20,10,220,-10,10,61,-1,14,59,13,2,1,3,2,238,11,-1,-3,0,-2,283,11,2,-2,3,0,752,11,2,1,0,1,797,10,-1,2,-1,1
9860,395,5,752,-27,11,23,-15,14,358,-9,10,215,-4,10,59,-1,13,59,12,-1,-1,-3,-5,238,11,1,2,3,2,283,11,-1,2,-1,3,752,11,1,1,-2,2,797,10,-1,1,-1,-2
9885,396,5,754,-24,11,29,11,14,349,-19,11,204,-8,10,59,-1,13,238,13,-1,3,-4,1,81,12,-2,1,0,3,171,11,3,-1,2,1,283,11,-1,-1,-1,-3,752,10,1,1,-1,-1
9910,397,5,756,-24,10,36,18,13,345,-26,11,204,-8,10,59,-1,13,238,13,1,-2,2,2,81,11,1,-1,-2,1,171,11,-2,0,-1,-3,484,10,-2,-1,1,-1,395,10,2,2,2,-1
9934,398,5,749,-11,10,38,6,13,327,-31,11,204,-8,10,61,7,13,238,12,-1,1,0,-2,37,11,1,1,4,1,81,11,-1,1,1,3,395,11,-2,1,0,1,663,11,-3,-1,-2,1
9959,399,5,743,-6,10,43,8,12,309,-31,11,202,-9,10,63,7,12,238,11,1,0,-2,-1,59,11,1,-1,-3,-4,395,10,1,0,-3,1,663,10,0,1,2,0,171,10,0,1,1,4
9985,400,5,729,2,10,291,-31,11,45,9,12,197,-9,10,65,7,12,238,12,1,-2,2,1,37,11,1,2,2,2,305,11,2,2,-2,2,395,11,-2,-1,1,1,663,11,-1,-2,-1,1
10010,401,5,716,4,10,280,-28,11,52,12,12,200,-7,10,437,-60,10,81,12,-3,-1,0,1,305,11,-1,-2,2,0,238,11,-1,1,-1,-1,395,10,1,1,-1,-2,663,10,1,-1,1,-1
10034,402,5,707,4,10,269,-26,11,58,6,12,202,-7,10,444,-58,10,81,13,3,-2,4,-1,37,13,-2,-3,0,-4,529,11,2,-2,1,-1,305,11,0,1,-3,-2,484,11,-2,-1,1,-2
10059,403,5,694,1,10,267,-26,11,65,7,11,204,-7,10,450,-48,10,81,13,1,1,0,-1,529,11,-2,1,-3,-1,305,11,-2,0,1,0,484,11,0,2,-2,3,618,11,-1,-2,1,-1
10084,404,5,680,10,10,269,-29,11,61,9,11,191,-9,10,453,-48,10,14,13,3,0,1,-1,104,12,-2,-1,-2,0,305,11,2,-1,1,1,484,11,1,1,1,-1,618,11,1,1,2,-1
10109,405,5,667,17,10,271,-34,11,56,11,12,175,-9,11,455,-35,10,14,15,-3,3,-1,3,81,13,-1,-3,-2,-3,305,11,-1,1,-1,-2,618,10,-1,-1,-2,1,484,10,0,-1,0,-3
10134,406,5,653,17,10,278,-37,11,49,9,12,166,-12,11,448,-15,10,14,14,1,-2,1,2,81,13,1,2,-3,-1,305,11,1,2,1,2,395,10,-2,-1,-1,-3,484,10,1,-1,1,4
10159,407,5,640,17,10,43,6,12,284,-33,11,157,-12,11,439,-9,10,14,14,-2,0,-1,-2,81,13,1,-2,2,1,305,11,-1,-1,-1,-1,395,10,2,0,2,1,484,10,-2,1,-2,-1
10184,408,5,636,17,10,40,9,13,291,-27,11,146,-1,11,439,-9,10,14,14,2,1,1,-3,59,13,-2,2,3,1,305,11,2,-1,3,2,149,11,3,-1,-1,-1,260,11,-2,-2,1,-2
10209,409,5,631,17,10,36,7,13,135,6,12,293,-27,11,439,-9,10,14,13,-1,-1,-1,2,59,13,1,-1,-3,-2,149,11,-1,-1,3,2,260,11,1,1,0,-1,305,11,-1,0,0,0
10234,410,5,627,17,10,34,6,13,123,17,12,300,-24,11,439,-9,10,14,14,3,-1,1,0,59,13,2,2,1,-1,305,11,-2,1,-2,-1,171,10,-1,-2,-1,-2,260,10,1,1,0,2
10259,411,5,622,17,10,27,0,13,110,20,12,309,-19,11,430,-7,10,14,15,-4,1,2,-2,104,12,2,-1,-3,2,395,12,-3,1,-1,0,238,12,-1,-3,-1,0,305,11,2,1,1,-1
10283,412,5,20,32,13,97,22,12,318,-16,11,421,-10,10,618,17,10,14,14,2,-1,-1,2,104,12,-1,1,2,-2,395,11,1,1,0,3,439,11,-1,2,-3,0,238,11,-1,1,-1,0
10308,413,5,14,-32,14,83,20,12,314,-11,11,401,-11,10,618,17,10,14,14,-1,0,1,-2,104,11,0,1,-2,1,171,11,-1,-2,-1,-3,260,11,2,1,4,2,327,11,0,2,-4,3
10334,414,5,14,-22,14,85,47,12,320,-13,11,394,-13,10,255,-23,11,14,13,0,1,2,4,126,11,2,1,-3,-3,372,11,0,-2,2,1,417,11,2,0,-1,1,171,11,-1,1,2,-2
10359,415,5,25,-22,13,327,-9,11,90,47,12,372,-18,10,258,-18,10,126,11,-2,1,4,2,372,11,2,1,2,0,260,11,1,2,-3,-1,327,10,0,-2,0,-2,417,10,0,1,0,1
10384,416,5,27,45,13,322,-8,11,97,53,12,370,-19,10,249,-10,11,37,13,-2,2,1,4,149,12,3,1,0,-3,260,12,-2,-2,-2,-1,216,12,-2,2,-1,2,372,12,-2,1,-1,-1
10408,417,5,29,46,13,318,-8,11,361,-19,10,103,50,12,240,-10,11,260,13,3,2,1,2,37,12,-1,0,-1,-3,149,12,-1,-2,-1,1,305,11,-1,2,-2,1,372,11,1,-1,-1,-1
10433,418,5,34,66,13,313,-6,11,352,-17,11,112,50,11,224,3,11,260,14,-2,-2,-1,-2,59,13,2,3,-1,0,149,12,1,-1,1,-1,305,12,1,-2,2,-3,104,11,-2,0,-1,1
10458,419,5,38,66,13,311,-6,11,343,-17,11,124,45,11,204,5,11,238,13,2,-1,1,0,59,13,1,0,-1,0,171,12,-3,1,-1,2,104,11,1,1,1,-2,305,11,-1,1,-3,1
10483,420,5,43,66,13,305,-8,12,338,-21,11,135,53,11,188,5,11,59,13,-3,1,0,-2,238,13,-2,-1,1,-3,171,12,2,0,-2,1,596,11,-1,-2,0,-1,350,11,2,2,-2,2
10508,421,5,47,-22,12,289,-9,12,343,-23,11,144,53,11,175,5,11,59,13,2,-1,3,1,238,13,1,2,-1,-1,193,12,2,-2,-1,1,350,11,-1,-2,1,0,305,11,-2,0,1,0
10533,422,5,52,-7,12,273,-7,12,329,-21,11,148,47,11,171,13,11,59,13,1,2,-1,2,238,13,-1,-1,-1,2,149,12,2,-2,-1,-2,193,12,0,2,3,1,305,11,1,-1,0,-2
10558,423,5,56,0,12,262,-8,12,320,-21,11,157,42,11,173,13,11,59,14,2,-3,1,-2,149,13,-1,3,-1,2,193,12,-2,-1,-2,-2,238,12,1,-1,2,-1,305,10,1,1,-1,2
10583,424,5,61,-2,12,240,-5,12,302,-17,11,164,29,11,175,13,11,59,14,-2,1,-3,1,149,12,1,-1,3,-2,193,12,1,1,2,3,238,12,-1,1,-3,1,327,11,2,-2,2,0
10608,425,5,52,-4,13,213,-2,12,309,-11,11,166,21,12,166,20,11,37,14,3,1,0,-2,104,13,-2,2,2,2,149,12,-1,-1,-2,2,327,11,-1,2,-2,3,238,11,1,-1,2,-1
10632,426,5,52,-24,13,197,-8,13,166,18,12,293,-14,11,168,20,11,37,14,-3,1,3,-2,104,13,2,-2,-1,2,149,13,2,2,-3,-1,216,11,-2,-1,3,-2,327,11,1,0,-2,-1
10657,427,5,52,-34,13,182,9,13,166,34,12,282,-21,11,170,23,11,37,14,1,-2,-3,2,104,13,1,2,1,-4,149,13,-2,1,5,1,193,11,1,-2,-1,5,238,11,2,1,-4,-1
10682,428,5,50,-9,13,166,30,12,166,33,12,273,-25,11,184,23,11,37,13,-1,1,3,4,104,13,-1,-1,-4,1,149,12,1,-1,-1,-3,216,11,2,1,1,2,350,10,-1,1,2,2
10708,429,5,48,-32,13,153,44,12,164,56,12,264,-29,11,204,21,11,37,13,-1,1,-2,-4,104,12,-1,0,5,2,149,11,1,0,-2,5,216,10,-1,0,1,-5,305,10,1,1,-1,2
10733,430,5,43,-14,13,139,36,12,162,36,12,251,-23,11,224,21,11,14,13,3,-1,2,1,104,12,-1,-1,-2,-2,216,11,-2,1,0,3,149,11,1,0,2,-2,506,10,-2,1,0,1
10757,431,5,39,-9,13,130,27,12,148,52,12,226,-18,11,244,12,11,14,13,0,3,-1,-5,149,13,-2,-3,-3,0,59,13,-2,2,4,-2,104,12,-2,0,1,3,305,10,-1,-2,2,1
10782,432,5,36,37,13,122,24,12,139,52,12,226,-30,11,260,-9,10,149,14,2,3,4,0,37,14,-2,-3,-4,4,350,11,-1,-2,2,1,305,10,-1,1,1,-2,260,10,1,-1,-2,-1
10807,433,5,36,35,13,122,27,12,126,52,12,233,-33,11,276,-27,10,59,13,2,1,4,2,149,13,-1,0,-2,1,305,11,2,1,-1,3,350,10,-1,1,-3,-2,506,10,-1,1,-4,2
10832,434,5,41,43,13,122,31,13,113,73,12,229,-39,11,287,-29,10,149,14,-3,-1,2,-2,193,13,1,-3,3,2,104,13,-2,2,-2,-1,59,13,1,1,-1,1,305,11,-2,0,-1,-2
10857,435,5,48,2147483647,13,126,43,13,104,73,12,222,-50,11,293,-29,10,149,13,2,1,-5,0,104,13,1,-2,1,5,59,13,-2,-1,4,0,708,12,3,1,2,3,260,11,-1,-2,3,2
10881,436,5,50,47,13,131,34,13,95,73,12,226,-53,11,302,-28,10,149,13,-1,2,3,2,59,12,1,-1,-6,-1,260,11,2,1,0,-1,327,11,-2,-1,-2,-1,708,11,-1,1,-3,-2
10907,437,5,52,27,13,135,18,13,86,73,12,229,-34,11,322,-17,10,149,15,1,-4,1,-3,216,13,2,3,-1,3,59,13,1,3,3,1,439,11,-2,-2,-4,-4,708,11,2,0,1,-1
10932,438,5,54,19,13,142,16,13,77,73,12,233,-36,11,336,-18,10,171,14,-2,2,0,3,59,13,-1,-2,-2,-2,260,12,2,1,1,0,372,12,0,-3,2,-1,439,11,2,1,-1,4
10957,439,5,59,19,13,144,14,13,68,73,12,229,-42,11,331,-21,11,126,14,-2,0,-2,3,171,13,1,0,-3,-2,81,13,-1,3,1,2,260,13,-2,-2,3,-2,372,12,0,2,-1,0
10982,440,5,65,23,12,146,16,13,59,73,13,224,-42,11,327,-21,11,126,13,0,1,0,0,171,13,-1,0,1,-2,81,12,-1,-1,-1,-1,260,12,0,0,-3,3,372,11,-1,1,2,1
11006,441,5,70,21,12,144,15,13,59,73,13,231,-39,12,331,-14,11,126,13,0,-2,1,1,171,13,2,-1,0,2,350,12,-1,-3,-2,-3,260,12,-1,2,-1,1,59,12,0,-1,3,-1
11031,442,5,74,7,12,142,-6,13,217,-36,12,331,-8,11,59,73,13,350,13,1,3,2,3,126,13,-1,2,-2,-3,81,13,3,-1,-3,2,171,12,-1,-1,1,-2,260,12,-1,-2,-1,-1
11056,443,5,76,7,12,139,-18,13,213,-31,12,331,-7,11,70,-64,12,260,13,3,2,1,3,81,13,-2,1,1,-2,126,12,1,0,-1,1,350,12,0,0,-2,-1,171,12,-1,1,-1,-2
11081,444,5,74,69,12,137,-18,13,220,-27,12,336,-5,11,81,-64,12,260,13,-1,-2,2,-2,81,12,1,-1,1,1,618,12,2,1,0,3,350,11,-1,0,-1,0,417,11,3,-1,3,0
11106,445,5,72,23,12,220,-19,12,135,5,13,347,-4,11,92,-64,12,260,13,1,-1,-1,-2,81,12,-1,-2,1,-2,126,11,2,1,3,2,417,11,-1,1,-1,1,618,11,0,-1,-3,-3
11131,446,5,74,0,12,220,-19,12,352,-6,11,135,2,12,103,-64,12,260,13,-2,1,-2,-1,81,11,0,0,-3,0,149,11,2,0,-1,-2,372,11,2,-1,-1,2,417,11,1,1,-2,-1
11156,447,5,76,20,12,213,-17,12,334,-10,11,121,10,12,340,-1,11,81,14,0,5,4,1,149,14,-3,-3,-1,1,14,13,0,-4,-3,-5,260,12,0,1,-1,1,372,11,-2,1,2,-1
11181,448,5,81,38,12,202,-25,13,322,-9,11,108,11,12,360,-4,11,104,14,1,-2,-3,1,149,13,0,2,-2,-2,37,12,-1,2,2,3,260,12,2,-1,4,1,462,11,-2,-1,-1,-1
11206,449,5,83,51,12,200,-26,13,322,-2,11,99,11,12,356,-1,11,104,13,0,-1,2,-2,149,13,0,-1,1,3,260,12,-2,-1,0,0,327,11,1,-2,0,-2,484,11,-1,2,0,-1
11231,450,5,85,50,12,197,-17,13,329,-2,11,90,13,12,351,-1,11,104,13,2,-1,0,-1,149,13,2,1,3,-1,37,12,-2,-2,2,1,327,11,1,2,0,0,260,11,0,0,-3,-1
